Activity Name,How To Do It,Developmental Area,Duration (min),Materials Required,Age Band
Chest Tummy Time,Place baby face-down on your bare chest at a 45° recline. Get face-to-face: your face is their strongest motivation to lift their head.,Gross Motor,2–5,"A reclined chair, couch, or pillows to prop yourself up",0–3 months
Floor Tummy Time,"Lay baby face-down on a firm, clean surface. Place a rolled muslin under chest to ease the lift. Start 2 min and add 1 min per week.",Gross Motor,2–5,Muslin cloth,0–3 months
Bicycle Legs,"Lay baby on back; hold ankles gently and move legs in slow cycling motions. Say 'pedal, pedal' rhythmically while maintaining eye contact.",Gross Motor,3–5,None,0–3 months
Arm Stretch & Midline,"Gently hold baby's forearms, slowly extend arms outward, then bring hands together at midline over chest. Repeat 5 times each side.",Gross Motor,3–5,None,0–3 months
Visual Tracking Card,Hold a high-contrast B&W card 25 cm from baby's face. Move it slowly left then right. Let eyes find it before you move again.,Gross Motor,3–5,Paper with B&W pattern,0–3 months
Supported Upright Hold,Hold baby upright against your shoulder and let them practice holding their head for 10–15 seconds. Support gently: don't grip.,Gross Motor,3–5,None,0–3 months
Leg Kicking Scarf,Hold a light scarf 15 cm above baby's feet while they lie on back. Let them discover kicking makes it move: first cause-effect feedback.,Gross Motor,5–10,Light scarf or cloth,0–3 months
Side-Lying Practice,Place baby on their side with a rolled towel tucked behind their back for support. Alternate sides each session; 5 min per side.,Gross Motor,5–10,Rolled towel,0–3 months
Finger Grasp Reflex,Place your index finger in baby's palm and let the grasp reflex close around it. Gently tug to stimulate the grip.,Fine Motor,3–5,None,0–3 months
Palm Massage,With warm hands make small circular motions across each palm and each finger. Open fisted hands gently with thumb-stroke wrist to fingertips.,Fine Motor,5–10,Warm oil (optional),0–3 months
Hand Opening Stroke,"When baby's fists are clenched, gently stroke from wrist to fingertips along the back of the hand to encourage opening.",Fine Motor,3–5,None,0–3 months
Arm-to-Midline Assist,"Gently bring baby's hands together at the centre of their chest. Hold 3 seconds, release. This builds bilateral brain coordination.",Fine Motor,3–5,None,0–3 months
Wrist Rotation,"Hold baby's forearm steady and gently rotate the wrist in small circles, 5 times each direction on each hand.",Fine Motor,3–5,None,0–3 months
Soft Object in Palm,Place a small rolled cloth in baby's palm. Note how long the grasp reflex holds it and whether they bring it toward their mouth.,Fine Motor,3–5,Small soft cloth roll,0–3 months
Narrate Every Routine,"Talk through every nappy change, feed, and bath. 'Now I'm lifting your legs. This might feel cool.' Tone matters more than words.",Language & Communication,Ongoing,None,0–3 months
Daily Lori / Song,"Sing one consistent song at the same time each day. Repetition builds a neural safety pattern. Same song, same voice, every day.",Language & Communication,5–10,None,0–3 months
Vowel Mirroring,"When baby makes any vowel sound, mirror it back exactly. Pause 10 full seconds before speaking again: that gap is the lesson.",Language & Communication,5–10,None,0–3 months
Serve and Return Pause,"After speaking or making a sound, count to 10 silently before responding again. You are teaching conversation structure.",Language & Communication,5–10,None,0–3 months
Name Recognition Distance,Call baby's name from 1 metre away (not from directly in front). Watch for eyes or head turning toward the sound.,Language & Communication,3–5,None,0–3 months
Sound Exploration,"Introduce one new household sound daily: wooden spoon on pot, rustling paper, running water. Watch how baby stills and locates.",Language & Communication,3–5,Household objects,0–3 months
Parentese Talk,Use a slightly higher pitch and slower pace than normal when talking to baby. This is biologically optimal for infant language processing.,Language & Communication,Ongoing,None,0–3 months
Read Aloud (Any Text),"Read any book, recipe, or message aloud to baby. The vocabulary range and rhythm matter: comprehension is irrelevant at this stage.",Language & Communication,5–10,Any book or text,0–3 months
High-Contrast Cards,Hold a black-and-white card 25 cm from baby's face. Let them fixate 10 seconds before moving slowly left. Newborn vision peaks at this distance.,Cognitive,3–5,Paper with B&W pattern,0–3 months
Face Gazing,Hold your face 20–30 cm from baby's. Make one slow exaggerated expression and hold it. Wait 10 seconds for their response.,Cognitive,5–8,None,0–3 months
Mirror Gazing,"Hold a small unbreakable mirror 25 cm from baby. They won't recognise themselves yet, but the responsive face is deeply engaging.",Cognitive,3–5,Any mirror,0–3 months
Disappearing Face Peek,Cover your face with your hands. Hold 3 seconds. Reveal warmly. Very early object permanence and social anticipation practice.,Cognitive,5–10,None,0–3 months
Light and Shadow,Carry baby toward a window or lamp. Let them observe light change as you move closer and further. Narrate: 'Bright! Now darker.',Cognitive,3–5,Window or lamp,0–3 months
B&W Pattern Book,Hold a high-contrast picture book 25 cm from baby. Spend 20–30 seconds on each page before turning. One page can hold attention this age.,Cognitive,5–8,High-contrast book or printed pages,0–3 months
Skin-to-Skin Hold,"Undress baby to nappy and hold against bare chest tummy-to-tummy. Cover both lightly. Regulates temperature, cortisol, and heart rate.",Social-Emotional,15–30,None,0–3 months
Smile Mirroring,"When baby makes a mouth movement or social smile, reflect it back immediately and wait. You are teaching: my expression has social power.",Social-Emotional,5–10,None,0–3 months
Responsive Holding,"When baby cries, respond before escalation. Consistent early response builds the secure attachment base for all future relationships.",Social-Emotional,Ongoing,None,0–3 months
Emotional Narration,Name what you see: 'You look uncomfortable. Let me see what's wrong.' Labelling emotional states builds the circuits for self-regulation later.,Social-Emotional,Ongoing,None,0–3 months
Caregiver Rotation,Let each main caregiver hold baby skin-to-skin. Each person's unique warmth and heartbeat is a distinct and valuable regulatory experience.,Social-Emotional,15–20,None,0–3 months
Calm Modelling,"When you feel anxious, slow your own breathing while holding baby. They sense and entrain to your nervous system state.",Social-Emotional,5–10,None,0–3 months
Tel Maalish (Oil Massage),"Warm oil in palms. Begin with legs: least sensitive. Long slow strokes hip to foot, then arms, back, head. Stimulates vagus nerve.",Sensory,10–15,Coconut or mustard oil,0–3 months
Texture Touch Exploration,"Gently touch different textures to baby's palm and feet: soft cloth, smooth wood, cool spoon. Name each: 'Soft. Smooth. Cool.'",Sensory,5–8,Household objects with varied textures,0–3 months
Outdoor Air & Light,"Take baby outside for 10–15 min. Wind, natural light, birdsong, and temperature variation are multi-sensory inputs no indoor space can replicate.",Sensory,10–15,None,0–3 months
Water Temperature Play,"During bath, pour water at slightly different temperatures on hands. Narrate: 'Warm water now. A little cooler.'",Sensory,5–10,Water in containers,0–3 months
Chest Hum Vibration,Place baby against your chest and hum or sing. The physical vibration is felt across their whole body and is deeply calming.,Sensory,5–10,None,0–3 months
Hunger Cue Recognition,"Learn early hunger cues: rooting, hand-to-mouth, stirring. Feed before crying. Responding to early cues builds baby's signal-response trust.",Self-Care & Adaptive,Ongoing,None,0–3 months
Wake Window Awareness,Track awake time: 0–6 weeks = 45–60 min; 6–12 weeks = 60–90 min. Beginning sleep routine before overtiredness sets in improves settling.,Self-Care & Adaptive,Ongoing,None,0–3 months
Tummy Time + Toy,Place an interesting toy just out of reach during tummy time. The motivation to lift and reach makes effort more sustained.,Gross Motor,5–10,Small toy or crinkle paper,4–6 months
Rolling Facilitation,"In tummy time, gently rock baby's hips toward one side. Give the nervous system the sensation of weight transfer needed for rolling.",Gross Motor,5–10,None,4–6 months
Floor Roll Practice,Place baby on their back. Gently cross one leg over the other and let momentum encourage rolling to the side. Celebrate any attempt.,Gross Motor,5–8,None,4–6 months
Supported Sitting (Lap),"Sit baby on your lap facing outward, hands loosely around their trunk. Let them feel the work: don't over-support.",Gross Motor,3–8,None,4–6 months
Forearm Weight Bearing,"In tummy time, once baby pushes up on forearms, gently rock their hips side to side. This is the direct predecessor of rolling.",Gross Motor,5–10,None,4–6 months
Leg Press Against Hands,Hold your palms against baby's feet while they lie on back. Let them push: this activates leg extensors used later for standing.,Gross Motor,5–8,None,4–6 months
Bounce on Lap,"Hold baby upright on your lap, supporting under arms, and let them bounce slightly. Vestibular input and leg strength combined.",Gross Motor,3–5,None,4–6 months
Tummy Time Mirror,Prop an unbreakable mirror in front of baby during tummy time. Their own face is one of the strongest motivators to lift the head.,Gross Motor,5–10,Any mirror,4–6 months
Reach for Hanging Object,"Hang a lightweight object (cloth, spoon) just above baby's chest while they lie on back. Wait: let them discover swiping makes it move.",Fine Motor,5–10,"Cloth, ribbon, or spoon on string",4–6 months
Two-Handed Grasp,Offer a toy wider than one hand. Watch whether they use both hands together: bilateral integration milestone appearing around 4–5 months.,Fine Motor,5–10,Wide rattle or soft ring,4–6 months
Object Transfer Observation,"Give a toy in one hand, then offer a second near the other. Do they transfer the first, or hold both? Transfer appears around 5–6 months.",Fine Motor,5–10,Two small soft objects,4–6 months
Shake and Listen,Hand baby a small container with dried lentils inside. Let them discover shaking makes sound: first voluntary cause-effect action.,Fine Motor,5–10,Sealed container with lentils,4–6 months
Crinkle Paper Explore,"Give a piece of crinkled paper or foil (supervised). The sound, texture, and visual feedback engage three senses simultaneously.",Fine Motor,5–10,Baking paper or foil,4–6 months
Palm Pressure Exploration,"Press a textured surface gently against baby's palm: a mesh bag, rough towel, smooth cup. The hand's sensory map is being built now.",Fine Motor,5–10,Various textured household surfaces,4–6 months
Babble Echo Session,"When baby coos or babbles, echo it back exactly. Then add one new syllable: 'ooh… and then… ba?' Pause 10 seconds each time.",Language & Communication,5–10,None,4–6 months
Laugh Trigger Search,"Try raspberry sounds, sudden peekaboo, lifting gently in the air. The belly laugh (appearing around 3–4 months) is a major milestone.",Language & Communication,5–10,None,4–6 months
Consonant Introduction,"Model ba-ba-ba, ma-ma-ma, da-da-da during alert windows. These are the first consonants baby will produce at 5–6 months.",Language & Communication,5–8,None,4–6 months
Two-Language Narration,Speak in two languages fluidly during routines. 'Now we're washing your hands: haath dho rahe hain.' Bilingual input from birth is a gift.,Language & Communication,Ongoing,None,4–6 months
Name-to-Face Link,Point to each family member and say their name slowly. 'This is Dadi. Dadi.' Repetition over weeks builds face-name recognition.,Language & Communication,3–5,None,4–6 months
Music Variety Session,"Play a different musical genre each day this week: classical, folk, jazz, film songs. Varied sound builds auditory discrimination.",Language & Communication,5–10,Phone or any music source,4–6 months
Respond to Name: Moving,"Call baby's name from different positions: behind, left, right. Turn-to-name appearing consistently by 6 months is a key milestone.",Language & Communication,3–5,None,4–6 months
Pause in Song,Sing a familiar song and stop mid-verse. Wait. Watch baby's face: anticipation appearing means they have learned the pattern.,Language & Communication,5–8,None,4–6 months
Object Permanence Level 1,"While baby watches, slowly hide your face behind a cloth or book. Wait 5 seconds. Reveal. Object permanence for faces is appearing now.",Cognitive,5–8,Cloth or book,4–6 months
Cause-Effect Toy,"Give baby a rattle. Let them discover that shaking = sound. When they look surprised after shaking, they have understood cause-effect.",Cognitive,5–10,Rattle or sealed container with lentils,4–6 months
Container In-and-Out,Show baby how to put an object into a bowl and take it out. Let them try. In-out schema is foundational for spatial reasoning.,Cognitive,5–10,Bowl and soft balls,4–6 months
Look-Where-I-Point,Point at objects and then look at baby's face: do they follow your point? Joint attention developing around 5–6 months.,Cognitive,5–8,None,4–6 months
Texture Comparison,Give two very different textures simultaneously: smooth and rough. Let baby feel both and switch between them. Comparison is the lesson.,Cognitive,5–8,Two textured household items,4–6 months
Anticipatory Game,"Do an action three times that baby enjoys: a raspberry, a bounce. On the fourth, pause before. Watch for anticipatory smile.",Cognitive,5–10,None,4–6 months
Social Smile Response,"Every time baby smiles, reflect it back immediately with warmth. Teaching: my positive emotion has social power. This builds communication.",Social-Emotional,Ongoing,None,4–6 months
Stranger Presence Practice,"When a new person is present, hold baby and engage the person warmly yourself. Baby reads your calm as: this person is safe.",Social-Emotional,5–10,None,4–6 months
Protest Response,"When baby shows displeasure at a game stopping, restart it. Teaching: expressing a feeling produces a response. Foundation of communication.",Social-Emotional,3–5,None,4–6 months
Separation Practice,Step out of baby's visual field for 30 seconds. Return before they cry. Gradually extend. Teaching: the person comes back.,Social-Emotional,1–3,None,4–6 months
Emotional Vocabulary,Name emotions you see: 'You love that sound! Your face lit up.' Accurate emotional labelling builds the brain's emotional vocabulary.,Social-Emotional,Ongoing,None,4–6 months
Joint Attention Object,"Hold up an interesting object and look between it and baby's face: object, baby, object. This is joint attention, a language precursor.",Social-Emotional,5–8,Any interesting object,4–6 months
Water Kicking (Bath),Let baby kick freely in the bath for 5 extra minutes. Water resistance builds leg strength while providing rich sensory feedback.,Sensory,10–15,Water,4–6 months
Sensory Walk (Held),"Walk outside slowly, narrating each sensory experience: 'That's wind on your face. Listen: that's a crow.' Multi-sensory saturation.",Sensory,10–15,None,4–6 months
Varied Food Textures (Intro),"If starting solids, introduce one very smooth purée at a time. Oral sensory exploration (taste and texture together) is its own skill.",Sensory,10–15,Food (purée),4–6 months
Dance and Sway,Hold baby and sway or dance to music with rhythm. Vestibular input plus auditory rhythm is two systems activating simultaneously.,Sensory,5–10,Any music,4–6 months
Temperature Contrast Hands,Alternate placing a cool and slightly warm cloth against baby's hands. Narrate each change. Temperature discrimination is developing.,Sensory,3–5,Cloths at different temperatures,4–6 months
Feeding Cue Ritual,"Establish a consistent pre-feed sequence (dim lights, hold position, a specific phrase). Predictability regulates baby's anticipatory state.",Self-Care & Adaptive,Ongoing,None,4–6 months
Nap Cue Sequence,"Same 3–4 steps before every nap: swaddle/sleep sack, darken room, white noise, feed. Consistent cues train the brain to prepare for sleep.",Self-Care & Adaptive,10–15,Swaddle or sleep sack,4–6 months
Sitting Balance Challenge,Sit baby on firm surface. Place a toy slightly to the side so they must lean to reach. Each topple-and-catch is a core strength exercise.,Gross Motor,5–10,Toy,7–9 months
Crawling Encouragement,Place a desirable toy 50 cm in front of baby on the floor. Stay beside or behind (not in front) so they crawl away from you.,Gross Motor,5–10,Toy,7–9 months
All-Fours Rocking,Place baby on hands and knees (support if needed). Place a toy just out of reach. Watch for rocking: the crawl motor pattern loading.,Gross Motor,5–10,Toy,7–9 months
Obstacle Crawl,Place a rolled blanket or sofa cushion in the crawl path. Watch whether baby navigates around or over it. Motor problem-solving.,Gross Motor,10–15,Rolled blanket,7–9 months
Pull to Stand (Assisted),"Position baby next to a stable low piece of furniture. Place a toy on the surface above their head. Support at hips, not hands.",Gross Motor,5–10,Low furniture + toy,7–9 months
Pivot in Tummy Time,Place a toy at 45° from baby in tummy time. Watch them pivot their body to follow. This uses the same muscles as crawling.,Gross Motor,5–10,Toy,7–9 months
Walking Hold (Two Hands),Hold both of baby's hands from behind and let them walk forward at their own pace. Alternate to one hand as confidence grows.,Gross Motor,5–10,None,7–9 months
Stair Climbing (Supervised),"Let baby crawl up 2–3 safe stairs with you directly behind. Stair climbing builds strength, coordination, and spatial awareness.",Gross Motor,5–10,Stairs,7–9 months
Pincer Grasp Practice,Place large puffed snacks or safe small objects on a tray. Watch how they pick up: raking grasp transitioning to pincer grasp.,Fine Motor,5–10,Puffed snack or small safe object,7–9 months
Object In Container,Give a large container and 4–5 objects. Let baby drop them in and dump them out repeatedly. Foundational spatial reasoning.,Fine Motor,5–10,Bowl and soft objects,7–9 months
Banging Objects Together,"Give two objects and demonstrate banging them together. When baby copies, bilateral motor coordination and cause-effect are both working.",Fine Motor,5–10,Two safe household objects,7–9 months
Page Turning (Board Book),Offer a board book and let baby try to turn pages. Even clumsy turning is fine motor skill and book engagement combined.,Fine Motor,5–8,Board book,7–9 months
Stack and Topple,"Stack 2 blocks, let baby knock them over. The knock is as developmental as the build: cause-effect with a satisfying outcome.",Fine Motor,5–10,Blocks or similar stackable objects,7–9 months
Transfer Between Containers,Show baby how to move an object from one bowl to another. This requires spatial planning and goal-directed motor action.,Fine Motor,5–10,Two bowls + objects,7–9 months
Canonical Babbling Echo,"When baby produces ba-ba, da-da, or ma-ma, echo immediately and expand: 'Ba ba ba! And then: da da da?' Pause 10 seconds.",Language & Communication,5–10,None,7–9 months
Respond to Name (Consistent),Test: call baby's name from 2 m away in a normal voice. Consistent response by 9 months is a key language milestone.,Language & Communication,3–5,None,7–9 months
Gesture Introduction (Wave),"Wave goodbye every single time anyone leaves. Every time, consistently. First gestural communication appears 8–10 months.",Language & Communication,Ongoing,None,7–9 months
Point and Name,"Point at objects throughout the day and name them. When baby points at something, immediately name it and comment.",Language & Communication,Ongoing,None,7–9 months
Book Naming Session,"Board book: point to each picture, name it, wait 5 seconds. 'Woh kya hai? Haan: aam! Mango. Peela aam.' Dual-language counts.",Language & Communication,5–10,Board book,7–9 months
Simple Instruction Practice,Use consistent simple instructions with gesture: 'Come here' + open arms. 'Give me' + open hand. Gesture + word together.,Language & Communication,Ongoing,None,7–9 months
Babble Conversation Record,Record 2 minutes of serve-and-return babble conversation. Listen back: count how many turns baby takes. Target: 3+ by 9 months.,Language & Communication,5–10,Phone for recording,7–9 months
Name Body Parts (Touch),Touch each body part and name it while bathing or dressing. 'Yeh naak hai. Yeh haath.' Touch plus name = dual encoding.,Language & Communication,5–10,None,7–9 months
Object Permanence (Under Cloth),"Show baby an interesting toy. While they watch, hide it under a cloth. Say 'Kahaan gayi?' Watch whether they search under the cloth.",Cognitive,5–8,Cloth and toy,7–9 months
Means-Ends: Pull Cloth,"Place a toy on a cloth, toy out of reach but cloth within reach. Watch if baby pulls the cloth to get the toy: means-ends planning.",Cognitive,5–8,Cloth and toy,7–9 months
Cause-Effect: Button Toy,Any toy that produces a response when pressed or moved. Systematic testing of what each element does is emerging scientific method.,Cognitive,5–10,Any cause-effect toy,7–9 months
Simple Sorting (Big/Small),Offer objects in two distinct sizes. Watch how baby handles them differently: size discrimination precedes sorting by months.,Cognitive,5–10,Objects of two distinct sizes,7–9 months
Imitation Game,"Tap a surface, shake your head, clap: do a simple action and wait. Imitation of familiar actions appears around 8–9 months.",Cognitive,5–8,None,7–9 months
Memory Game (Where Did It Go?),Let baby see you hide an object under one of two cups. Which cup do they look under? Tracking invisible displacement is developing.,Cognitive,5–8,Two cups and small toy,7–9 months
Stranger Anxiety Support,"When baby shows anxiety with new people, hold them securely and engage the stranger warmly. Don't force contact: baby reads your calm.",Social-Emotional,5–10,None,7–9 months
Protest Honour,"When baby clearly communicates 'no more' (turns away, arches), stop immediately. Teaching: your communication is respected.",Social-Emotional,Ongoing,None,7–9 months
Separation Practice Extended,Leave baby with a known caregiver for 10–15 min. Return before distress. Consistent returns build the trust that makes separations easier.,Social-Emotional,10–15,None,7–9 months
Mirror Play Together,"Sit in front of a large mirror with baby. Point to their reflection, then yours. 'Kaun hai yeh? Tum ho!' Social-cognitive learning.",Social-Emotional,5–8,Large mirror,7–9 months
Laugh Trigger Catalogue,Find 3 things that reliably make baby laugh. Do them daily. The belly laugh is a major social-emotional development marker.,Social-Emotional,5–10,None,7–9 months
Object Permanence: People,Call 'Where's Papa?' when Papa is out of sight. Watch baby look toward the right location. Person permanence = secure attachment working.,Social-Emotional,3–5,None,7–9 months
Textured Surface Crawling,"Let baby crawl on different surfaces: carpet, smooth floor, grass, a mat outside. Each surface is different proprioceptive input.",Sensory,10–15,Various surfaces,7–9 months
Water Play (Supervised),"Extended bath time: 15 min. Let baby splash, pour, and explore. Water provides resistance, temperature, visual, and auditory input simultaneously.",Sensory,15–20,"Water, cup for pouring",7–9 months
Nature Texture Explore,"Outdoors: let baby touch bark, leaves, stones, soil (if safe). Natural textures are the richest sensory input available.",Sensory,10–15,None (outdoors),7–9 months
Mouth Exploration (Safe Objects),"At this age, mouthing is the primary sensory tool. Provide safe, clean objects of varied size and texture. Don't interrupt unless unsafe.",Sensory,5–10,Safe household objects of varied texture,7–9 months
Sound Localisation Game,"Make an interesting sound from behind baby, left, right, and above. Watch how accurately they turn toward each direction.",Sensory,5–8,Any sound-making object,7–9 months
Spoon Introduction,Give baby a spoon during feeding. Messy self-feeding attempts (however unsuccessful) build fine motor and self-care simultaneously.,Self-Care & Adaptive,15–20,"Spoon, food",7–9 months
Cup Introduction,"Offer a small open cup with a tiny amount of water. Supervised sipping: not for intake, for the skill of cup management.",Self-Care & Adaptive,5–10,"Small open cup, water",7–9 months
Cruising Along Furniture,Place a toy at the far end of the sofa. Baby learns to step sideways while holding on: each step is a walking lesson.,Gross Motor,5–10,Furniture + toy,10–12 months
First Steps Between Points,Sit 1–2 steps from furniture baby is holding. Open arms and call their name. Close the gap gradually as confidence grows.,Gross Motor,5–10,None,10–12 months
Standing Balance Challenge,"While baby stands holding furniture, catch their attention from the other side. Count the independent standing seconds each day.",Gross Motor,5–10,None,10–12 months
Stair Descent Practice,"With you directly behind, let baby learn to descend stairs backwards (feet first). This is safer than forward and builds spatial awareness.",Gross Motor,5–10,Stairs,10–12 months
Ball Kicking,"Roll a large soft ball toward baby's feet while they stand with support. Kicking combines balance, timing, and motor planning.",Gross Motor,5–10,Soft ball,10–12 months
Carry While Walking,Ask baby to carry a lightweight object while walking (holding your hand). Dual-task walking builds automaticity.,Gross Motor,5–10,Small lightweight object,10–12 months
Push-Along Toy Walk,Give baby a push-along toy (cardboard box works) to push while walking. The resistance helps them control speed and direction.,Gross Motor,5–10,Box or push-along toy,10–12 months
Rough-Ground Walking,"Walk on grass, gravel path, or slight slope with one hand held. Variable terrain builds adaptive balance faster than smooth floors.",Gross Motor,10–15,None (outdoors),10–12 months
Pincer Grasp Refinement,Offer small safe objects on a tray. A precise thumb-index pincer grip developing by 12 months is a fine motor milestone.,Fine Motor,5–10,Small safe objects,10–12 months
Scribble with Crayon,Hold a crayon with baby's hand and make marks on paper. The first deliberate mark (even if uncontrolled) is the beginning of writing.,Fine Motor,5–10,Crayon and paper,10–12 months
Stacking 2–3 Blocks,Demonstrate stacking 2 blocks then hand one to baby. Can they place it on top? 2-block tower by 12 months = spatial milestone.,Fine Motor,5–10,Blocks or similar objects,10–12 months
Post into Container (Slot),Cut a slot in a box lid and provide objects that fit through. Posting requires visual-spatial matching: demanding for this age.,Fine Motor,5–10,Cardboard box and objects,10–12 months
Turn Pages (Board Book),"Let baby turn board book pages. Even turning multiple at once counts: the intent to turn is the milestone, not the accuracy.",Fine Motor,5–8,Board book,10–12 months
Unscrew Lid,Offer a large-lidded container. Show loosening a lid; let them try. Rotation movements are a distinct fine motor skill.,Fine Motor,5–10,Large lidded container,10–12 months
Mama' and 'Dada' with Meaning,"When they say 'mama' or 'dada' directed at the correct person, respond warmly and immediately. First true words are emerging now.",Language & Communication,Ongoing,None,10–12 months
First Word Inventory,"This week, note every consistent sound used to mean a specific thing. 'ba' always for ball = a first word even if it doesn't sound adult.",Language & Communication,Ongoing,None,10–12 months
Expand Every Utterance,"When baby says one word, add two: 'ba' → 'ball! Big red ball.' Every expansion teaches: what you said has a more complete version.",Language & Communication,Ongoing,None,10–12 months
Bye-Bye Gesture (Contextual),Wave bye-bye every single time anyone leaves. First spontaneous contextual wave (not prompted) marks true gestural communication.,Language & Communication,Ongoing,None,10–12 months
Point + Name Response,"Every time baby points, immediately name what they're pointing at and comment. The point deserves a full response, every time.",Language & Communication,Ongoing,None,10–12 months
Follow Simple Instruction,Come here' / 'Give me' / 'Where is the ball?' with consistent gesture. Following 1-step instructions by 12 months is a key milestone.,Language & Communication,3–5,None,10–12 months
Nursery Rhymes with Actions,"Sing rhymes with hand actions: 'taalee bajao', 'Johny Johny'. Baby learns to do the actions before saying the words.",Language & Communication,5–10,None,10–12 months
Name 3 Body Parts,"During bath or dressing, ask 'Kahaan hai naak?' and point. Recognising 2–3 body parts on command by 12 months is typical.",Language & Communication,3–5,None,10–12 months
Object Permanence (Two Locations),Hide a toy under one of two cloths while baby watches. Do they search the correct one? Searching correctly = solid object permanence.,Cognitive,5–8,Two cloths + toy,10–12 months
Imitate Household Tasks,Hand baby a cloth when you wipe a surface. Give them a spoon when you stir. They imitate because they understand the action's purpose.,Cognitive,5–10,Household items,10–12 months
Simple Puzzle (2 Pieces),"A 2-piece puzzle (shape fits a hole) shows visual discrimination, spatial rotation awareness, and persistence.",Cognitive,5–10,Simple puzzle or homemade shape-in-box,10–12 months
Find Object Under Cup,Show baby the toy going under one cup. Reverse the cup with the toy and ask: where did it go? Object-tracking in 3D space.,Cognitive,5–8,Cup and small toy,10–12 months
Pretend Play Introduction,"Pretend to drink from an empty cup, or put a toy phone to your ear. When baby imitates: symbolic thought has arrived.",Cognitive,5–10,"Cup, spoon, or toy phone",10–12 months
Problem Solving: Open Box,Put a favourite toy in a closed (not locked) box. Watch what baby does to open it: persistence and problem-solving combined.,Cognitive,5–10,Box with lid + toy,10–12 months
Affection Initiation,"Note whether baby initiates affection: reaches up to be held, hugs, brings you objects. These are attachment behaviours to celebrate.",Social-Emotional,Ongoing,None,10–12 months
Limit Testing Observation,"When baby deliberately drops something and watches your reaction: they are testing social rules. Calm, consistent responses are the lesson.",Social-Emotional,Ongoing,None,10–12 months
Empathy Seed,"If someone nearby is crying or upset, narrate what you see: 'Woh reh rahi hai. Shayad dukh lag raha hai use.' Early empathy wiring.",Social-Emotional,Ongoing,None,10–12 months
Short Separation Practice,Leave for a consistent 15–20 minute trip. Confident goodbye + return as promised + warmth on return = secure separation learning.,Social-Emotional,15–20,None,10–12 months
Play Alongside Another Child,Arrange play near another baby. No expectation of interaction: parallel play beside another child is the correct stage right now.,Social-Emotional,15–20,None,10–12 months
Social Game Repetition,"Repeat a social game (peek-a-boo, tickle, bounce) and stop mid-way. Watch baby signal for continuation: communication is purposeful.",Social-Emotional,5–10,None,10–12 months
Sensory Bin Introduction,"Fill a shallow container with dry rice or lentils. Let baby scoop, pour, and run hands through. Supervised closely.",Sensory,10–15,Container + dry rice or lentils,10–12 months
Outdoor Ground Texture,"Let baby crawl or stand on grass, sand, or mud (if safe). The resistance and texture of outdoor ground is uniquely rich input.",Sensory,10–15,None (outdoors),10–12 months
Music and Movement,Hold baby and move to music with a clear beat. Note what genres they respond to: musical personality is forming.,Sensory,5–10,Music source,10–12 months
Whole-Body Movement Play,"Roll baby gently in a blanket, lift in air briefly, spin slowly. Vestibular system thrives on varied whole-body movement.",Sensory,5–10,Blanket,10–12 months
Messy Play Introduction,"Puréed food or yoghurt on a tray. Let baby touch, smear, and explore. Tactile tolerance built now prevents later sensory avoidance.",Sensory,10–15,Food-based material on tray,10–12 months
Spoon Practice Self-Feed,Baby-led spoon feeding: messy and slow is correct. The independence matters more than the quantity eaten.,Self-Care & Adaptive,15–20,Spoon + food,10–12 months
Shoes and Socks Off,Let baby try to remove their own socks. This develops fine motor skill and body-care independence simultaneously.,Self-Care & Adaptive,5–10,Socks,10–12 months
Walk on Uneven Ground,"Daily outdoor walking on grass, gravel, or slopes builds adaptive balance far faster than smooth indoor floors.",Gross Motor,15–20,None (outdoors),13–15 months
Climbing on Low Furniture,"Let baby climb on and off a sofa cushion on the floor under supervision. Climbing builds shoulder, core, and spatial judgement.",Gross Motor,5–10,Sofa cushion on floor,13–15 months
Squat to Pick Up,Place toys on the floor and encourage baby to squat to retrieve them instead of bending at the waist. Squat builds hip and core strength.,Gross Motor,5–10,Toys on floor,13–15 months
Kick a Ball Forward,"Roll a large soft ball toward baby and encourage kicking. Timing, balance on one foot, and motor planning combine in this action.",Gross Motor,5–10,Soft ball,13–15 months
Throw a Ball,Demonstrate overhead throwing and let baby try. Even wild attempts build the shoulder rotation and release control needed for throwing.,Gross Motor,5–10,Soft ball,13–15 months
Walk and Carry,Ask baby to carry a lightweight object from one room to another. Dual-task locomotion shows walking is becoming automatic.,Gross Motor,5–10,Lightweight object,13–15 months
Dance Freely,"Put on music and dance together. Free movement to music builds coordination, rhythm, and body awareness simultaneously.",Gross Motor,5–10,Music source,13–15 months
Stair Up and Down,Practice going up and down stairs with one hand held. By 15 months most children can navigate with support.,Gross Motor,5–10,Stairs,13–15 months
Crayon Mark Making,Large crayons on big paper. Any mark is the goal: this is the beginning of all future writing. Celebrate every mark.,Fine Motor,5–10,Crayons and large paper,13–15 months
Stacking 4+ Blocks,Stack 4 blocks and let baby copy. Knock down and restart. 4-block tower by 15 months is solid fine motor development.,Fine Motor,5–10,Blocks,13–15 months
Shape Sorter (Circle),Start with just the circular hole: no rotation needed. Success with circle before introducing shapes that require rotation.,Fine Motor,5–10,Shape sorter or homemade version,13–15 months
Bead Threading (Large),"Thread large beads or pasta onto a thick cord. Requires two-hand coordination, visual targeting, and sustained attention.",Fine Motor,5–10,Large beads/pasta + thick cord,13–15 months
Fill and Pour,"Water play with two containers: fill one, pour into other. The control of pouring is a fine motor skill used in self-care for years.",Fine Motor,5–10,"Two containers, water",13–15 months
Peel Stickers,Place large stickers on paper and let baby peel them off. Pinch-peel requires precise finger coordination.,Fine Motor,5–10,Stickers or tape on paper,13–15 months
10+ Word Vocabulary,Count consistent words this week including approximations. Target: 10+ words by 15 months. Each is celebrated explicitly.,Language & Communication,Ongoing,None,13–15 months
Two-Word Combination Watch,"Listen for first two-word combinations: 'more doodh', 'mama up'. These typically appear 15–18 months and mark a major leap.",Language & Communication,Ongoing,None,13–15 months
Name 5 Body Parts,"Extend body part naming to 5: naak, haath, paon, aankhein, kaan. Can baby point to each when named?",Language & Communication,3–5,None,13–15 months
Picture Book Naming,"Point to pictures and ask 'What's this?' Wait. If no answer, name it and move on. No pressure: repeated exposure is what builds it.",Language & Communication,5–10,Picture book,13–15 months
Follow 2-Step Instruction,Pick up the ball AND put it in the box.' Two-step unrelated instructions mark a significant receptive language leap.,Language & Communication,3–5,Ball and box,13–15 months
Pretend Telephone Call,Hold a wooden spoon to your ear: 'Hello? Yeh kaun hai?' Let baby take it. Symbolic play and communication combined.,Language & Communication,5–10,Any object as phone,13–15 months
Expand + Add More,"When baby says 'ball', say 'ball (red ball) big round ball!' Each expansion teaches vocabulary and sentence structure simultaneously.",Language & Communication,Ongoing,None,13–15 months
Sing-and-Fill,Sing a familiar song and pause before the last word of each line. Wait for baby to fill it in vocally or with gesture.,Language & Communication,5–8,None,13–15 months
Simple Pretend Sequence,"Baby feeds a doll, puts it to sleep, covers it with a cloth. Three-step pretend = narrative thinking beginning.",Cognitive,5–10,"Doll or soft toy, cloth",13–15 months
Match Identical Objects,Give baby two identical cups and two identical spoons. Can they match the cups together and spoons together?,Cognitive,5–10,Two matching pairs of household objects,13–15 months
Find Under Two Cups,Hide a toy under one of two cups while baby watches. Swap the cups slowly. Which cup do they check? A-not-B error is normal now.,Cognitive,5–8,Two cups + toy,13–15 months
Sort by Colour (One Colour),"Place all red objects in one pile, all blue in another: demonstrate. Don't expect success yet; the repeated demonstration is the teaching.",Cognitive,5–10,Household objects of two colours,13–15 months
Early Number Concepts,"During stacking or sorting, count aloud slowly: 'Ek, do, teen.' One-to-one counting comprehension comes later: hearing it is the start.",Cognitive,5–10,Any stackable objects,13–15 months
Cause-Effect Complexity,"Offer a toy with multiple actions: press this to make sound, turn that to see movement. Systematic testing of each element is science.",Cognitive,5–10,Multi-action toy,13–15 months
Parallel Play Beside Peer,Arrange play near another toddler. Don't expect interaction. Parallel play is the developmentally correct stage: don't rush sharing.,Social-Emotional,15–20,None,13–15 months
Tantrums as Communication,"When a tantrum happens, narrate calmly: 'You're very frustrated. You wanted that and you can't have it. That's hard.' Name: don't fix.",Social-Emotional,Ongoing,None,13–15 months
Mine' Acknowledgement,"When baby says 'mine', acknowledge the feeling: 'Yes, that's yours.' Teaching ownership feelings before teaching sharing.",Social-Emotional,Ongoing,None,13–15 months
Comfort Object Introduction,"If baby has a preferred toy or cloth, honour it. A comfort object is not a crutch: it is an autonomous self-regulation tool.",Social-Emotional,Ongoing,Preferred soft toy or cloth,13–15 months
Proud Moments Response,"When baby achieves something, your response matters. Specific warm praise: 'You put all the blocks in! You worked hard at that.'",Social-Emotional,Ongoing,None,13–15 months
Independence in Play,Create a safe floor space and let baby play alone for 5–10 minutes without intervention. Independent play is a skill to build.,Social-Emotional,5–10,Safe toy collection,13–15 months
Messy Sensory Play,"Cooked spaghetti, wet sand, or yoghurt on a tray. Sensory tolerance for unfamiliar textures is built through repeated low-pressure exposure.",Sensory,10–15,Food material on tray,13–15 months
Nature Walk and Collect,"Walk outdoors and collect leaves, stones, sticks (safe). Back home, handle and sort them. Natural materials are rich sensory input.",Sensory,20–30,Bag for collecting,13–15 months
Rhythm Instruments,"Pots, wooden spoon, dried rice in a container. Make music together. Rhythm production is both sensory and fine motor.",Sensory,5–10,"Pots, spoons, containers",13–15 months
Spinning and Rolling,"Roll baby gently on the floor or spin slowly in arms. Vestibular input supports balance, posture, and regulation.",Sensory,3–5,None,13–15 months
Playdough (Atta),"Knead some atta (wheat dough) together. Baby squeezes, pokes, and flattens. Playdough is pure fine motor and tactile input.",Sensory,10–15,"Wheat flour, water",13–15 months
Spoon Use Practice,"Encourage spoon use at every meal, however messy. Competence by 18 months is the target: not table manners, just the motor skill.",Self-Care & Adaptive,15–20,"Spoon, food",13–15 months
Partial Dressing Help,Ask baby to push their arm through a sleeve or lift a foot for a sock. Participation (however partial) builds independence.,Self-Care & Adaptive,5–10,Clothing,13–15 months
Running Practice,Running at 16–18 months is stiff-legged but consistent. Give open safe space and let them run freely: don't slow them down.,Gross Motor,10–15,Open safe space,16–18 months
Walk Up Stairs (Rail),"Walk up stairs holding the rail, one hand held. Alternating feet on stairs typically appears around 2 years: step-together is fine now.",Gross Motor,5–10,Stairs with rail,16–18 months
Kick Ball with Aim,Set up a 'goal' (two objects as posts) and encourage kicking the ball between them. Directed kicking requires motor planning.,Gross Motor,5–10,Ball + two objects as posts,16–18 months
Jump Off Step (Both Feet),Stand baby on the bottom stair or a thick book. Encourage jumping off with both feet. Landing with both feet = motor milestone.,Gross Motor,3–5,Low step or book,16–18 months
Climbing Ladder / Slide,"At a playground or safe homemade version, let baby climb up and come down a small slide. Height + movement = vestibular rich.",Gross Motor,10–15,Playground or safe climbing surface,16–18 months
Pedal (Push Along Ride-On),A push-along ride-on (or cardboard box to sit in) builds leg strength and spatial navigation before a true pedalling bike.,Gross Motor,10–15,Ride-on toy or adapted cardboard box,16–18 months
Balance Beam Walking,Make a 'beam' with masking tape on the floor. Encourage walking along the line with arms out. Balance challenges in a safe context.,Gross Motor,5–10,Masking tape,16–18 months
Carry Heavy Load,Ask baby to carry a small bag with a few books inside across the room. Heavy carrying is regulating to the sensory system.,Gross Motor,5–10,Small bag with books,16–18 months
Drawing Lines,Show drawing a horizontal line across paper and let baby try. Any deliberate directional mark is an achievement.,Fine Motor,5–10,Crayons and paper,16–18 months
Unscrew and Screw Lids,Practice opening and closing containers with twist lids. Rotation movements are a distinct fine motor skill used in daily life.,Fine Motor,5–10,Containers with lids,16–18 months
Stacking 6+ Blocks,"6-block tower requires spatial planning, grip calibration, and controlled release. Each additional block is harder than it looks.",Fine Motor,5–10,Blocks or similar,16–18 months
Tear Paper,Provide magazines or old newspaper for tearing. Bilateral tearing requires both hands working in opposition: a coordination milestone.,Fine Motor,5–10,Old paper,16–18 months
String Beads (Large),"Thread 5 large beads or pasta pieces onto a shoelace. Requires visual targeting, bilateral coordination, and sustained attention.",Fine Motor,5–10,Large beads + shoelace,16–18 months
Puzzle (4–6 Piece),"A simple inset puzzle builds visual discrimination, spatial rotation, and the tolerance for trial-and-error failure.",Fine Motor,5–10,Simple puzzle,16–18 months
20–50 Word Vocabulary,"By 18 months, 20–50 words (including approximations) is the developmental target. Under 10 words by 18 months warrants a paediatrician mention.",Language & Communication,Ongoing,None,16–18 months
Two-Word Combinations,"More doodh', 'bye dada', 'big ball.' Two-word phrases by 18 months are a major milestone. Model them in all conversation.",Language & Communication,Ongoing,None,16–18 months
What's That?' Response,"Baby will point at everything and say 'woh kya hai?' or similar. Every time: name it, describe it in one sentence, wait.",Language & Communication,Ongoing,None,16–18 months
Story Telling (Simple),"Tell a simple 3-sentence story about something that happened today. Story structure (beginning, middle, end) is absorbed before it is produced.",Language & Communication,5–10,None,16–18 months
Animal Sounds Game,Kutte kya bolta hai? Bhow bhow!' Sound-to-animal linking builds vocabulary through a different encoding channel.,Language & Communication,3–5,None,16–18 months
Action Word Focus,"Focus on verbs this week: running, eating, sleeping, jumping. Action vocabulary is as important as noun vocabulary.",Language & Communication,Ongoing,None,16–18 months
Reading Together Daily,"Same book, multiple days in a row. When baby anticipates a page, they are demonstrating memory, sequence, and language: simultaneously.",Language & Communication,5–10,Board book,16–18 months
Singing Along,"In familiar songs, pause on the last word of each line and wait. By 18 months many babies fill in the word: word retrieval practice.",Language & Communication,5–10,None,16–18 months
Simple Pretend Cooking,"Give baby pots, spoons, and empty containers. Let them 'cook.' Pretend play now represents real sequences observed in daily life.",Cognitive,10–15,"Pots, spoons, empty containers",16–18 months
Sort by Shape (2 Shapes),"Sort objects into two groups by shape: round things here, flat things there. Demonstrate; don't expect immediate success.",Cognitive,5–10,Household objects of two shapes,16–18 months
Picture-to-Object Match,"Show a picture of a cup, then ask baby to find the real cup. Picture-object correspondence is an abstract cognitive skill.",Cognitive,5–8,Picture and matching real object,16–18 months
Order Completion,Begin a familiar routine and stop mid-way. Watch baby signal or try to complete it: sequence memory is confirming itself.,Cognitive,Ongoing,None,16–18 months
Count with Objects,"Place 1, then 2, then 3 objects in a line counting aloud as you do. One-to-one correspondence is being seeded; production comes later.",Cognitive,5–8,Small objects for counting,16–18 months
Problem Solving: Unstick,Tape a desirable toy lightly to a table or box. Watch how baby figures out removing the tape or pulling the object free.,Cognitive,5–8,Tape and toy,16–18 months
Emotion Coaching,"When emotions arise, sit close and name the emotion specifically: 'You're angry. That felt unfair.' Don't fix: just name and stay.",Social-Emotional,Ongoing,None,16–18 months
Feelings Chart Introduction,"Put a simple 4-face chart on the wall: happy, sad, angry, scared. 'How are you feeling today? Point to the face.' No judgment.",Social-Emotional,5–8,Paper with drawn faces,16–18 months
Practice Goodbye Ritual,"Develop a 3-step goodbye sequence for separations. Consistent, brief, warm: never long and uncertain. Consistency reduces distress.",Social-Emotional,2–3,None,16–18 months
Cooperative Game (Roll Ball),Sit facing each other and roll a ball back and forth. Taking turns in a structured physical game is cooperative play emerging.,Social-Emotional,5–10,Ball,16–18 months
Show Empathy in Books,"When a character in a book is sad or scared, narrate: 'Woh dara hua hai. Tum kya sochte ho?' Perspective-taking through story.",Social-Emotional,5–8,Picture book,16–18 months
Household Helper,"Let baby 'help' wipe a surface, stir food, hand you objects. Social participation and competence are both being built.",Social-Emotional,5–10,Household task,16–18 months
Sensory Bin (Varied Fill),"This month use a different fill each week: sand, water, dried beans, shredded paper. Sensory tolerance broadens with variety.",Sensory,10–15,Container + fill material,16–18 months
Outdoor Barefoot Walking,"Walking barefoot on grass, sand, or dirt provides proprioceptive richness that shoes remove. 10 minutes barefoot outdoors = rich input.",Sensory,10–15,None (outdoors),16–18 months
Clay or Dough Play,"Commercial clay or homemade atta dough. Squeezing, rolling, and flattening are pure fine motor with rich tactile feedback.",Sensory,10–15,Clay or atta dough,16–18 months
Sound Discrimination,Make the same sound loudly and quietly: the same instrument or voice. Can baby identify louder and quieter? Auditory discrimination.,Sensory,3–5,Any sound-making object,16–18 months
Blanket Roll and Burrito,Roll baby gently in a blanket: not tight. The whole-body deep pressure is calming for the nervous system and delights most toddlers.,Sensory,3–5,Blanket,16–18 months
Spoon and Fork Independence,Offer fork for stabbing soft foods. Fork + spoon both available. Child chooses: autonomy in eating builds a positive food relationship.,Self-Care & Adaptive,15–20,"Fork, spoon, food",16–18 months
Washing Hands Routine,"Demonstrate hand washing before every meal and after outdoors. By 18 months, with reminding and help, this is beginning to establish.",Self-Care & Adaptive,2–3,"Soap, water, towel",16–18 months
Running with Direction Changes,"Set up a simple course: run to the tree, run back. Direction change while running requires significant motor planning updates.",Gross Motor,10–15,Open space,19–21 months
Jump with Both Feet,"From ground level, encourage jumping with both feet simultaneously leaving the ground. Landing on both feet = major gross motor milestone.",Gross Motor,3–5,None,19–21 months
Walk Up and Down Stairs (Rail),Practice both directions on stairs with one hand on rail. Safety and independence are both being built.,Gross Motor,5–10,Stairs,19–21 months
Kick Stationary Ball,Place a ball on the ground and ask baby to kick it. A stationary kick before a rolling ball: motor precision building.,Gross Motor,3–5,Ball,19–21 months
Balance on One Foot Briefly,Hold baby's hand and ask them to lift one foot for 2 seconds. Brief one-foot balance appearing 18–24 months.,Gross Motor,3–5,None,19–21 months
Climbing Frames,"Any safe climbing frame or jungle gym. Climbing is the most efficient builder of strength, coordination, and risk assessment.",Gross Motor,10–15,Climbing frame or playground,19–21 months
Throwing at a Target,Set up a large container and throw soft balls into it from a metre away. Aimed throwing builds visual-motor coordination.,Gross Motor,5–10,Container and soft balls,19–21 months
Ride-On and Steer,"Push-along ride-on with steerable wheels, or just steering a cart. Navigation and steering need practice just like walking did.",Gross Motor,10–15,Ride-on or push cart,19–21 months
Draw Vertical Line,Show drawing a line from top to bottom and let toddler try. Directional mark-making is the direct precursor to letter formation.,Fine Motor,5–10,Crayon and paper,19–21 months
Copy Circle,Show drawing a circle slowly and let toddler try. Circle before straight lines: fine motor milestone at 24–27 months when it appears.,Fine Motor,5–10,Crayon and paper,19–21 months
Stack 8+ Blocks,8-block tower requires sequential spatial planning: each level must be stable before the next. The planning IS the developmental work.,Fine Motor,5–10,Blocks,19–21 months
Cut with Child Scissors,Introduce child-safe scissors with a parent steadying the paper. Cutting requires bilateral coordination and sustained grip.,Fine Motor,5–10,Child scissors and paper,19–21 months
Peg in Pegboard,"Press pegs into a pegboard. Requires visual targeting, push force calibration, and the release of placing.",Fine Motor,5–10,Pegboard (homemade: card with holes),19–21 months
Lace Large Holes,Lace a shoelace through large holes in cardboard. Pre-lacing builds the same hand movements as actual shoe-lacing later.,Fine Motor,5–10,Cardboard with holes + shoelace,19–21 months
50–100 Word Vocabulary,50+ words by 20 months is solid. Under 20 consistent words by 20 months is worth discussing with a paediatrician.,Language & Communication,Ongoing,None,19–21 months
Three-Word Phrases,"More apple please', 'Mama come here.' Three-word combinations beginning to appear 19–24 months.",Language & Communication,Ongoing,None,19–21 months
Refer to Self by Name,Aryan do it!' Using own name before 'I' is developmentally normal and means self-concept is forming.,Language & Communication,Ongoing,None,19–21 months
Ask 'Why?' Game,"When toddler asks 'why' (it starts!), answer simply and then ask 'why do you think?' Turn every why into a conversation.",Language & Communication,Ongoing,None,19–21 months
Story Re-tell,"After reading a familiar book, close it and ask 'What happened?' Listen for any sequence: even one event recalled is narrative memory.",Language & Communication,5–10,Familiar book,19–21 months
Colour Naming Focus,Introduce one colour per week. Label it consistently all week: 'The red cup. Your red shoes. Red tomatoes!' One at a time works best.,Language & Communication,Ongoing,None,19–21 months
Follow 2-Step Instruction (Unrelated),Pick up the cup AND bring it to me.' Two unrelated steps in sequence tests working memory as well as language.,Language & Communication,3–5,Cup,19–21 months
Conversation Practice,Ask open questions about recent experiences: 'What did you see at the park?' Don't correct answers: expand and continue.,Language & Communication,5–10,None,19–21 months
Cause-Effect Multi-Step,Stack 3 books then push: watch toddler's face. Set up a ramp and roll a ball down. Multi-step cause-effect chains are interesting now.,Cognitive,5–10,"Books, ball, ramp (board)",19–21 months
Categorise Animals vs Food,Use pictures or objects: sort animals from foods. Categorisation by function or type is a major cognitive leap.,Cognitive,5–10,Pictures or toy sets,19–21 months
Sequence 3 Events,"After a routine, ask what comes next: 'We had bath. Then what? Then what?' Three-event sequence recall is emerging.",Cognitive,5–8,None,19–21 months
Simple Puzzle 6–8 Pieces,6–8 piece puzzle requiring rotation and trial-and-error. The frustration tolerance needed here is as developmental as the spatial skill.,Cognitive,5–10,Simple puzzle,19–21 months
Count 1–5 Objects,Place 3 objects in a line and count them together: touch each as you count. One-to-one correspondence beginning to appear.,Cognitive,5–8,Small objects,19–21 months
Memory Card Match,4 pairs of matching cards face-down. Turn over 2 at a time. Early working memory and concentration.,Cognitive,5–10,8 cards in 4 matching pairs,19–21 months
Emotion Management Practice,"Before a frustrating task, name the strategy: 'If this is hard, take a breath.' Practice during calm so it is available during frustration.",Social-Emotional,5–8,None,19–21 months
Turn Taking in Games,Establish clear turn-taking in a simple game. 'Meri baari. Ab tumhari baari.' Consistent language makes the rule learnable.,Social-Emotional,5–10,Any game,19–21 months
Empathy Practice,Point out someone who is sad or hurt. 'Woh roh raha hai. Use dard hua. Hum kya kar sakte hain?' Empathy is taught through narration.,Social-Emotional,Ongoing,None,19–21 months
Pretend Play Social,Set up a tea party or cooking scenario with dolls. Taking roles in pretend play is social cognition and narrative combined.,Social-Emotional,10–15,"Dolls, cups, play food",19–21 months
Self-Advocacy Seed,"When toddler is upset, model the phrase: 'I don't like that' or 'Mujhe yeh pasand nahi.' Give them words for their feelings.",Social-Emotional,Ongoing,None,19–21 months
Comfort Skill Building,"Introduce a simple self-comfort strategy in a calm moment: slow breathing, squeezing a soft object. Practice before it is needed.",Social-Emotional,5–8,Soft object,19–21 months
Water Transfer Play,"Two containers of water, a cup for transferring. Supervised water play for 15 min. Pouring, splashing, and measuring emerge naturally.",Sensory,15–20,Two containers + cup + water,19–21 months
Playdough Shapes,"Roll, flatten, and cut playdough with a blunt knife. Making shapes adds visual-motor control to the tactile input.",Sensory,10–15,Playdough or atta dough,19–21 months
Nature Scavenger Hunt,"Walk outside and collect one of each: a leaf, a stone, a stick, a feather. Touch and describe each one together.",Sensory,20–30,Bag for collecting,19–21 months
Bubble Play,"Blow bubbles and let toddler pop them. Tracking, reaching, timing, and the satisfying pop make this multi-sensory and motivating.",Sensory,10–15,Soap + water + wire loop,19–21 months
Paint with Hands,Finger painting (food-safe paint or safe craft paint). Each colour is introduced separately. Direct contact with material.,Sensory,10–15,"Paint (washable), paper",19–21 months
Dressing Participation,Name each clothing item as it goes on. Ask toddler to help push arm through sleeve or lift foot for shoe. Participation builds independence.,Self-Care & Adaptive,5–10,Clothing,19–21 months
Teeth Brushing Ritual,Brush teeth together at the same time. Letting toddler hold and attempt the brush first builds cooperation with the hygiene routine.,Self-Care & Adaptive,2–3,Toothbrush,19–21 months
Running Obstacle Course,"Set up household obstacles to run around: chairs, cushions, a line of tape. Navigating while running requires real-time motor planning.",Gross Motor,10–15,"Chairs, cushions, tape",22–24 months
Jump Over a Line,Put a tape line on the floor. Jump over with both feet. Clearing an obstacle while jumping = significantly harder than jumping in place.,Gross Motor,3–5,Masking tape,22–24 months
Walk Backward,"Practice walking backward, first holding hands then free. Backward locomotion requires body-awareness and spatial recalibration.",Gross Motor,5–10,None,22–24 months
Throw and Catch (Large Ball),"Roll a large ball back and forth, then graduate to low throwing and catching. Catching a rolling ball before a thrown one.",Gross Motor,5–10,Large soft ball,22–24 months
Pedal a Tricycle,Practice on a tricycle or balance bike. Pedalling requires reciprocal leg movement: the same pattern as walking but with sustained force.,Gross Motor,10–15,Tricycle or balance bike,22–24 months
Gallop Forward,"Demonstrate a gallop (lead-foot, drag) and encourage copying. Galloping before skipping: the intermediate coordination step.",Gross Motor,5–10,None,22–24 months
Step Alternating Stairs (Up),Encourage alternating feet on the way up the stairs. May still need rail; alternating feet up is a 24–30 month milestone.,Gross Motor,5–10,Stairs,22–24 months
Push and Pull Heavy Objects,Encourage pushing a chair or pulling a loaded bag. Resistance exercise builds core strength and spatial navigation simultaneously.,Gross Motor,5–10,Chair or bag with books,22–24 months
Copy Drawing: Horizontal Line,Show a horizontal line (left to right) and ask child to copy. Directionality in drawing precedes directionality in writing.,Fine Motor,5–10,Crayon and paper,22–24 months
Copy Drawing: Circle,Demonstrate a circle slowly and let child try. Circle-copying typically appears 24–30 months: earlier than + or V shapes.,Fine Motor,5–10,Crayon and paper,22–24 months
Snip with Scissors,Child-safe scissors: snip fringe into paper strips. Each snip is a complete bilateral motor action.,Fine Motor,5–10,Child scissors and paper,22–24 months
Pour from Jug to Cup,Pour water from a small jug into a cup. The control of flow is a daily self-care fine motor skill used for years.,Fine Motor,5–10,"Small jug and cup, water",22–24 months
Puzzle (8–10 Pieces),8–10 piece puzzle requiring rotation and spatial reasoning. Systematically trying each piece before accepting failure is the cognitive goal.,Fine Motor,5–10,Puzzle,22–24 months
Sort Colours (3 Colours),Sort household objects into 3 colour groups. Naming the colours correctly while sorting combines language and cognition.,Fine Motor,5–10,Coloured household objects,22–24 months
200+ Word Vocabulary,200 words by 24 months is the benchmark (CDC). Under 50 words by 24 months is worth professional discussion.,Language & Communication,Ongoing,None,22–24 months
Two- to Three-Word Phrases,"Mama, more water please.' Three-word phrases mark a significant vocabulary and grammar step appearing 21–24 months.",Language & Communication,Ongoing,None,22–24 months
Use 'I' and 'Me',I want' and 'Give me' appearing means self-concept is strongly established. Model these forms throughout the day.,Language & Communication,Ongoing,None,22–24 months
Ask Open Questions,"What happened at the park today?' Not 'Did you have fun?' Open questions require memory, sequencing, and language simultaneously.",Language & Communication,5–10,None,22–24 months
Story Prediction,"During book reading, stop before a page turn: 'What do you think will happen next?' Prediction requires language plus narrative cognition.",Language & Communication,5–10,Book,22–24 months
Name Colours in Environment,Not a colour worksheet: just naming colours of real objects throughout the day. Context makes the association stronger.,Language & Communication,Ongoing,None,22–24 months
Rhyming Play,Cat (bat) sat: mat!' Rhyming awareness at 24 months predicts reading readiness. Even partial awareness is worth celebrating.,Language & Communication,5–8,None,22–24 months
Describe Daily Events,"At bedtime, ask child to tell you two things that happened today. This builds narrative language and episodic memory together.",Language & Communication,5–10,None,22–24 months
Sort by Size (Big/Small),"Sort objects into two groups: big and small. Size concept develops through sorting, not worksheets.",Cognitive,5–10,Objects of two distinct sizes,22–24 months
Sequence Daily Routine,Ask: 'What do we do after breakfast? Then what?' Three to four event sequence recall is the target at this age.,Cognitive,5–8,None,22–24 months
Complete a Simple Pattern,"Build a simple colour or shape pattern: red, blue, red, blue, and leave a gap. Can child predict what comes next?",Cognitive,5–8,Coloured objects or blocks,22–24 months
Concept: Full and Empty,Pour water into an empty glass; let child pour it back. 'Full. Empty. Full again.' Concrete object manipulation precedes abstract concept.,Cognitive,5–10,Glass and water,22–24 months
Match Photo to Person,Show baby photos of family members. Can child identify who it is? Memory across time = abstract object permanence.,Cognitive,5–8,Family photos,22–24 months
Counting with One-to-One Correspondence,"Place 4 objects in a line; touch each as you count 1-2-3-4. Guide child's hand to touch each. Counting with meaning, not reciting.",Cognitive,5–10,Small objects,22–24 months
Sharing Practice (Guided),During play: 'You have 4 blocks. Can you give me 2?' Guided sharing builds number concept alongside social skill.,Social-Emotional,5–10,Blocks or similar,22–24 months
Cooperative Building,"Build something together: 'I put one block, you put one block.' Turn-taking in construction is cooperative play at its clearest.",Social-Emotional,5–10,Blocks,22–24 months
Feelings Vocabulary (5 Emotions),"Name 5 emotions accurately this week: happy, sad, angry, scared, excited. Emotional vocabulary directly predicts social competence.",Social-Emotional,Ongoing,None,22–24 months
Pretend Play Elaboration,Join child's pretend play and add a new element: 'The baby is sleeping: shall we sing her a lori?' Extending the narrative.,Social-Emotional,10–15,Soft toy,22–24 months
Frustration Script,Teach a specific phrase for frustration: 'I need help' or 'Mujhe madad chahiye.' Practice during calm: not during the moment.,Social-Emotional,3–5,None,22–24 months
Apology Practice,"When child hurts or upsets another: 'What could you say? How do you think they felt?' Modelling, not forcing. Empathy precedes apology.",Social-Emotional,3–5,None,22–24 months
Sensory Walk Barefoot,"Walk barefoot on grass, sand, and smooth pavement on the same outing. Noticing the difference is the sensory lesson.",Sensory,15–20,None (outdoors),22–24 months
Mixing Colours (Water),Add food colouring to water in clear cups and mix two together. Watching red + blue = purple is both science and sensory.,Sensory,5–10,"Clear cups, water, food colouring",22–24 months
Musical Instruments Exploration,"Pots, boxes, metal bowls: each makes a different sound. Let child experiment with what each material produces.",Sensory,5–10,"Pots, boxes, metal containers",22–24 months
Clay (Atta) Detailed Work,Press small objects into dough to make impressions. Roll thin snakes. Cut with blunt knife. Precision work in tactile medium.,Sensory,10–15,Atta dough and objects to press,22–24 months
Weighted Blanket Cuddle,Wrap child in a heavy blanket on a lap. Deep pressure input is calming for the autonomic nervous system.,Sensory,5–10,Heavy blanket,22–24 months
Independent Dressing (Simple),"By 24 months: pull trousers up and down, remove shoes and socks, help with shirts. All with support: independence is incremental.",Self-Care & Adaptive,10–15,Clothing,22–24 months
Toilet Training Awareness,If interest appears: describe what toilet training involves. Let child see the process. No pressure: readiness signs should lead.,Self-Care & Adaptive,Ongoing,Potty (optional),22–24 months
Jump Forward (Both Feet),"Encourage jumping forward from standing, landing on both feet. Distance of jump increases each week as leg strength grows.",Gross Motor,5–10,None,25–27 months
Walk on a Balance Beam,"A plank, a garden wall, or tape on the floor. Walk along without falling off. Balance on a narrow path is a 2.5-year skill.",Gross Motor,5–10,Plank or tape line,25–27 months
Hop on One Foot (Attempt),Hold child's hand and encourage hopping on one foot. Even one hop is the milestone beginning: don't expect sustained hopping yet.,Gross Motor,3–5,None,25–27 months
Catch a Bounced Ball,Bounce a large ball to child. Catching a bounced ball before a thrown one: the visual tracking time is longer.,Gross Motor,5–10,Large ball,25–27 months
Pedal with Steering,Tricycle: practice steering around objects. Combining pedalling with directional control is a significant motor coordination step.,Gross Motor,10–15,Tricycle,25–27 months
Animal Movement Play,"Move like different animals: frog jump, bear walk, crab walk, snake slither. Each uses different muscle groups and movement patterns.",Gross Motor,5–10,None,25–27 months
Throw Overhand,Demonstrate an overhand throw and let child try. Overhand requires trunk rotation: a very different movement than underhand.,Gross Motor,5–10,Ball,25–27 months
Summersault (Assisted),"Help child do a forward roll on a soft surface. Head tuck, push-off, and landing = vestibular, motor, and spatial all together.",Gross Motor,3–5,Soft mat or rug,25–27 months
Copy Drawing: Plus Sign (+),Show a + (cross) and let child try. Requires two directional lines crossing: harder than circle; appears around 30–36 months.,Fine Motor,5–10,Crayon and paper,25–27 months
Use Fork Independently,Fork for stabbing soft foods. The grip and stabbing force are different from a spoon: a distinct fine motor skill.,Fine Motor,10–15,"Fork, food",25–27 months
Dress a Doll,"Button, zip, and dress a doll. This is fine motor practice that feels purposeful and maintains engagement longer.",Fine Motor,5–10,Doll with dressing features,25–27 months
Fold Paper in Half,Show folding a piece of paper in half and ask child to try. Aligning edges before folding requires spatial and motor precision.,Fine Motor,5–8,Paper,25–27 months
Sort by 2 Attributes,Sort blocks by BOTH colour AND size together. Multi-attribute sorting is more demanding than single-attribute.,Fine Motor,5–10,Blocks in multiple colours and sizes,25–27 months
Lace a Pattern Board,Lace thread through holes to form a simple picture. Requires planning the sequence of holes to achieve the intended shape.,Fine Motor,10–15,Cardboard with holes and lace,25–27 months
Tell a Simple Story,Ask child to tell a story about an animal they know. Even 2–3 sentences with a character is the emergence of narrative.,Language & Communication,5–10,None,25–27 months
Ask and Answer Questions,Why does it rain?' 'What would happen if…?' Complex question forms are emerging: answer simply and turn it back.,Language & Communication,5–10,None,25–27 months
Three- to Four-Word Sentences,Consistent 3–4 word sentences with grammar: 'I want the red ball.' Grammar errors ('I goed') are developmentally correct now.,Language & Communication,Ongoing,None,25–27 months
Rhyming Detection,Does cat rhyme with bat? What about cat and dog?' Detecting rhyme before producing it: typical at 25–30 months.,Language & Communication,5–8,None,25–27 months
Describe a Picture,"Show a picture and ask 'What is happening here?' Child describes scene: vocabulary, grammar, and observation all combined.",Language & Communication,5–8,Picture or book illustration,25–27 months
First and Last Name,Practice saying full name. 'What is your full name?' is a social comprehension milestone by age 3.,Language & Communication,3–5,None,25–27 months
Conversation with Questions,Have a 5-turn conversation where child asks at least one question. Asking is more advanced than answering.,Language & Communication,5–10,None,25–27 months
Story from Memory,"After reading a favourite book many times, ask child to 'read' it to you from the pictures. Memory narrative is emerging.",Language & Communication,5–10,Familiar book,25–27 months
Count Objects to 5,"Place up to 5 objects in a line and count together, touching each one. One-to-one correspondence solidifying now.",Cognitive,5–8,5 small objects,25–27 months
Basic Opposites,"Big/small, hot/cold, fast/slow, loud/quiet. Opposites build comparative conceptual thinking.",Cognitive,5–8,Objects demonstrating contrast,25–27 months
Yesterday and Today,Yesterday we went to the park. Today we are home.' Time concepts past/present solidify through consistent narration.,Cognitive,Ongoing,None,25–27 months
Sort 4 Categories,"Sort objects into 4 groups: food, animals, clothes, vehicles. Four-category sorting is sophisticated categorical thinking.",Cognitive,5–10,Assorted household objects,25–27 months
Pattern Extension (ABAB),Build red-blue-red-blue and leave a gap: 'What comes next?' Pattern extension requires holding the rule in working memory.,Cognitive,5–8,Coloured objects,25–27 months
Simple Addition Concept,Here are 2 bananas. I add 1 more. How many now?' Concrete addition before abstract number.,Cognitive,5–10,Fruit or objects,25–27 months
Imaginary Friend Engagement,"If an imaginary friend appears, engage with them: 'What is their name?' Imaginary companions support language, emotional, and social development.",Social-Emotional,5–10,None,25–27 months
Negotiate a Trade,When a conflict arises over a toy: 'What could you offer them to trade?' Negotiation is a social skill that must be taught explicitly.,Social-Emotional,3–5,None,25–27 months
Brag Board,"Create a display of child's achievements (drawings, photos). 'You did all of these!' Pride in accomplishment is a social-emotional milestone.",Social-Emotional,5–10,Paper and display space,25–27 months
"Role Play (Doctor, Chef)",Set up a role-play scenario with simple props. Role-play at 25–30 months involves taking on another's perspective.,Social-Emotional,10–15,Simple props,25–27 months
Regulation Practice: Pause,"When feelings escalate, say 'Let's take a pause' and model slow breathing together. Practice before it is needed.",Social-Emotional,3–5,None,25–27 months
Ask How Others Feel,While reading or in real life: 'How do you think she felt when that happened?' Perspective-taking practice.,Social-Emotional,5–8,Book or real situation,25–27 months
Sensory Art: Tissue Paper Collage,"Tear and paste coloured tissue paper onto card. Tearing texture, paper texture, and glue texture are layered sensory inputs.",Sensory,10–15,"Tissue paper, card, glue",25–27 months
Outdoor Water Play,"Watering can, puddles, or garden tap. Child-directed water exploration is rich sensory and cause-effect play.",Sensory,15–20,"Water, watering can",25–27 months
Texture Sorting Game,Gather 8 objects of varied texture. Sort into 'rough' and 'smooth.' Tactile discrimination is now a language + sensory task.,Sensory,5–10,8 household objects,25–27 months
Proprioceptive Heavy Work,"Carrying loaded backpack, pushing a box of books, pulling a weighted trolley. Heavy work regulates the nervous system.",Sensory,5–10,Loaded bag or box,25–27 months
Spin on Spot,"Spin with arms out, stop, try to stay balanced. Vestibular system input: intentional dizziness and recovery is regulating.",Sensory,3–5,None,25–27 months
Brush Teeth Independently (Attempt),"Let child brush their own teeth first, then parent finishes. Agency in the sequence builds cooperation with the hygiene routine.",Self-Care & Adaptive,3–5,Toothbrush and toothpaste,25–27 months
Toilet Training (If Ready),"If signs of readiness present (knowing when wet, interest in toilet), begin with simple potty introduction. Never forced.",Self-Care & Adaptive,Ongoing,Potty,25–27 months
Hop on One Foot (3–5 Hops),"From one hop, build to 3–5 consecutive hops on the same foot. Each hop requires rebalancing: rapid balance adjustment developing.",Gross Motor,5–8,None,28–30 months
Skip (Gallop to Skip),Most children gallop at 2.5 years and skip at 3.5. Practice gallop leading with each foot as the precursor.,Gross Motor,5–10,None,28–30 months
Catch a Thrown Ball,Graduate from bounced to thrown ball catching. Tracking the trajectory and adjusting arms = complex visual-motor planning.,Gross Motor,5–10,Medium ball,28–30 months
Pedal and Brake,On a tricycle: practice pedalling and stopping at a marked line. Braking intentionally requires coordinated leg action.,Gross Motor,10–15,Tricycle,28–30 months
Climb Ladder (Playground),Climbing a ladder (alternating hands and feet) is the most complex locomotion pattern children this age attempt.,Gross Motor,5–10,Climbing frame or playground,28–30 months
Jump from Height (30 cm),Jump off a 30-cm step with both feet landing together. Judging safe heights and landing = spatial and motor cognition combined.,Gross Motor,3–5,Low step,28–30 months
Balance Beam (Eyes Closed),Walk a balance beam (tape line) with eyes closed for 2 steps. Eyes-closed balance challenges proprioceptive system intensely.,Gross Motor,5–8,Tape line,28–30 months
Dodge and Weave Game,Chase game where child must dodge around obstacles. Reactive motor planning: responding to unexpected changes in a path.,Gross Motor,10–15,None,28–30 months
Copy Drawing: V Shape,"Show a V and ask child to copy. Angular shapes (V, then +, then triangle) appear in sequence after circle.",Fine Motor,5–8,Crayon and paper,28–30 months
Draw a Person (Head + 2 Parts),Ask child to draw a person. Head + one other body part by 30 months = fine motor and representational thinking combined.,Fine Motor,5–10,Crayon and paper,28–30 months
Scissors in a Straight Line,Cut along a straight line drawn on paper. Staying on the line requires visual monitoring while maintaining bilateral grip.,Fine Motor,5–10,Child scissors and paper,28–30 months
Peel and Stick Labels,Peel self-adhesive stickers and place on a target. Two-stage finger action requiring precise coordination.,Fine Motor,5–10,Stickers and paper,28–30 months
Build a Bridge (3 Blocks),Demonstrate placing a block across two towers and ask child to build the same. Copying spatial models = architecture thinking.,Fine Motor,5–10,Blocks,28–30 months
String Small Beads,Small beads on a thin lace. Fine pincer control plus visual targeting plus threading = high-demand fine motor task.,Fine Motor,10–15,Small beads + thin lace,28–30 months
500+ Word Vocabulary,"A 30-month-old typically has 450–600 words. Importantly, sentences are 3–5 words with mostly correct grammar.",Language & Communication,Ongoing,None,28–30 months
Tell Stories with Beginning-Middle-End,Once there was a dog. He was hungry. He found some food and ate it.' Three-part narrative structure is the target.,Language & Communication,5–10,None,28–30 months
Because' and 'If' Sentences,"I'm tired because I didn't sleep.' 'If it rains, we'll stay inside.' Logical connectors mark a grammar milestone.",Language & Communication,Ongoing,None,28–30 months
Describe How Something Works,How does a tap work?' Let child explain from their own understanding. Explanatory language is emerging.,Language & Communication,5–10,Any household object,28–30 months
Rhyme Production,I say cat: you say something that rhymes.' Production (not just detection) of rhymes = phonological awareness step.,Language & Communication,5–8,None,28–30 months
Letter Name Recognition (Own Name),Recognise the first letter of own name in print. This is enough letter knowledge to celebrate at 30 months.,Language & Communication,5–8,Paper with child's name in large letters,28–30 months
Complex Question Response,What would you do if it was raining and you wanted to go outside?' Hypothetical thinking + language combined.,Language & Communication,5–10,None,28–30 months
Storytelling from Memory,Retell a favourite story from memory using the book's pictures as prompts. 3-event sequence is the typical recall at this age.,Language & Communication,5–10,Familiar book,28–30 months
Count to 10 with Meaning,"Count 10 objects touching each one. At 30 months, 10-object counting with one-to-one correspondence is an achievable goal.",Cognitive,5–8,10 small objects,28–30 months
Concept: Same and Different,Are these the same or different?: with objects that are clearly one or the other. Comparative language + cognition.,Cognitive,5–8,Pairs of matching and non-matching objects,28–30 months
Categorise by Function,"Group things that you eat, things you wear, things you sit on. Sorting by function is more abstract than sorting by appearance.",Cognitive,5–10,Household objects,28–30 months
"Spatial Concepts: In, On, Under, Behind",Put the cup on the book. Now under the book.' Following spatial prepositions in sequence.,Cognitive,5–8,Cup and book,28–30 months
"Day Sequence: Morning, Afternoon, Evening",What do we do in the morning? What happens in the evening?' Time-of-day sequencing before days of the week.,Cognitive,5–8,None,28–30 months
Simple Inference,While reading: 'Why is the bear sad?': answer not in the text but inferrable from pictures. Early inferential thinking.,Cognitive,5–10,Picture book,28–30 months
Play in Small Group (3 Children),Facilitate play in a group of 3. Children this age can begin brief cooperative interaction: note who initiates and who follows.,Social-Emotional,15–20,None,28–30 months
Express Feelings With Words,Mujhe gussa aa raha hai' or 'I feel scared.' Verbal emotion expression before or instead of physical expression.,Social-Emotional,Ongoing,None,28–30 months
Help a Younger Child,When a younger child needs help with something child can do: 'Can you show them how to stack the blocks?' Pro-social seed.,Social-Emotional,5–10,None,28–30 months
Choose an Activity,Offer 3 activities and let child choose. 'What would you like to do first?' Autonomous choice builds decision-making.,Social-Emotional,Ongoing,3 activity options,28–30 months
Deal with Disappointment Script,"When something doesn't happen as planned, narrate: 'You're disappointed. That was important to you. Let's think about what we can do.'",Social-Emotional,3–5,None,28–30 months
Fairness Conversations,Is it fair that she got 3 and you got 2?' Fairness reasoning appears at 2.5 years and is important to take seriously.,Social-Emotional,5–8,None,28–30 months
Cornstarch Goop (Oobleck),Mix cornstarch and water: it's both solid and liquid. Scientifically bizarre sensory experience. Let child explore freely.,Sensory,15–20,Cornstarch and water,28–30 months
Sound Walk,"Walk outside listening only: no talking. Point at sounds. Back home, draw or describe what you heard. Auditory attention focus.",Sensory,15–20,None (outdoors),28–30 months
Temperature Sensory Bin,"Ice cubes in a bin of warm water. Feeling both together, watching ice melt. Temperature + observation + language.",Sensory,10–15,"Ice, warm water, container",28–30 months
Yoga for Kids (3 Poses),"Teach 3 simple yoga poses: tree, mountain, downward dog. Proprioceptive + balance + breath awareness combined.",Sensory,5–10,None,28–30 months
Spin Top or Gyroscope,Let child spin a top and watch. The visual tracking of a spinning object is uniquely absorbing at this age.,Sensory,5–8,Top (or any spinning object),28–30 months
Pour Own Drink (Jug),Pour their own water from a small child-sized jug into a cup at meals. Independence in self-care + fine motor + self-regulation.,Self-Care & Adaptive,Ongoing,Small jug and cup,28–30 months
Help Set the Table,"Carry plates, fold napkins, place cutlery. Table-setting is fine motor + sequencing + contribution to family life.",Self-Care & Adaptive,5–10,Tableware,28–30 months
Hop 5+ Times (One Foot),Sustained hopping on one foot: first dominant then non-dominant. Non-dominant hopping develops several months after dominant.,Gross Motor,3–5,None,31–33 months
Broad Jump (Forward),"Mark a starting line with tape. Jump forward as far as possible, both feet together. Measure distance: it increases weekly.",Gross Motor,3–5,Tape,31–33 months
Throw at a Vertical Target,Tape a target circle on the wall at chest height. Throw a soft ball to hit it. Aimed at a vertical target = new motor challenge.,Gross Motor,5–8,"Soft ball, tape on wall",31–33 months
Ride Tricycle Fast and Slow,"Pedal fast when you say go, slow when you say stop. Speed regulation while pedalling requires real-time motor control.",Gross Motor,10–15,Tricycle,31–33 months
Walk Backward on Balance Beam,Backward walking on a balance beam (tape line): balance plus motor sequencing in an unusual direction.,Gross Motor,5–8,Tape line,31–33 months
Obstacle Course Run,"A full obstacle course: run, jump over, crawl under, balance on, throw at. Complex movement sequence requiring memory of order.",Gross Motor,10–15,"Chairs, cushions, tape, ball",31–33 months
Throw and Run Combination,"Throw a ball, run to get it, throw again. Sequencing two motor actions with a transition tests motor working memory.",Gross Motor,5–10,Ball,31–33 months
Marching in Place,Lift knees high and march in time to music. Rhythmic bilateral motor coordination and gross motor control.,Gross Motor,5–10,Music source,31–33 months
Copy Drawing: Square,"Square (4 equal sides, 4 corners) is harder than a circle: requires direction changes at precise points. Appears ~33–36 months.",Fine Motor,5–10,Crayon and paper,31–33 months
Draw a Person (Head + 4 Parts),"Head, eyes, arms, legs. Drawing a person with 4 identifiable features is a 3-year representational drawing milestone.",Fine Motor,5–10,Crayon and paper,31–33 months
Cut a Curved Line,"After mastering straight-line cutting, introduce a curve to cut along. Following a curve requires continuous adjustment.",Fine Motor,5–10,Child scissors and paper,31–33 months
Button Large Buttons,Demonstrate and let child practice buttoning a shirt or coat with large buttons. Fine pincer + hand-eye coordination.,Fine Motor,5–10,Shirt or coat with large buttons,31–33 months
Weave Paper Strips,Weave paper strips over and under to make a simple mat. The alternating pattern requires sustained visual-motor tracking.,Fine Motor,10–15,Paper strips in two colours,31–33 months
Trace Letters (Own Name),"Trace the letters of own name with a finger, then crayon. Letter tracing before writing = spatial learning of letter forms.",Fine Motor,5–10,Paper with large name printed,31–33 months
700–900 Word Vocabulary,"By 33 months, vocabulary typically 700–900 words with 5–6 word sentences used consistently.",Language & Communication,Ongoing,None,31–33 months
Why' Conversation Chain,Follow a chain of 'why' questions: 'Why does it rain?' → 'Because the clouds get heavy.' → 'Why do they get heavy?' Sustain 3 turns.,Language & Communication,5–10,None,31–33 months
Name All Basic Colours,"Red, blue, green, yellow, orange, purple, black, white. Naming all basic colours correctly is a 3-year language milestone.",Language & Communication,3–5,Coloured objects,31–33 months
Use Plurals Correctly,"Two dogs, three cats.' Plural '-s' rule solidifying. Point out examples: 'Look: two birds. Birds: more than one.'",Language & Communication,Ongoing,None,31–33 months
Past Tense Regular Verbs,"I walked. We played. She jumped.' Regular past tense (-ed) appearing. Irregular past ('went', 'ran') still developing.",Language & Communication,Ongoing,None,31–33 months
Describe What You See,"Tell me everything you see in this picture.' Descriptive language drill: vocabulary, grammar, and observation combined.",Language & Communication,5–10,Any detailed picture or illustration,31–33 months
Conditional Sentences,"If we water the plant, it will grow.' If-then reasoning expressed in language: logical thinking made verbal.",Language & Communication,5–10,None,31–33 months
Letter Sound Introduction (3 Letters),"Introduce 3 letter sounds: 'A says ah, B says bah, M says mah.' Sound-letter pairs before letter names: phonics groundwork.",Language & Communication,5–8,Paper with 3 letters printed,31–33 months
Count to 15 with Meaning,Extend counting to 15 objects with one-to-one correspondence. Counting past 10 requires learning the teen number pattern.,Cognitive,5–8,15 small objects,31–33 months
Name All Basic Shapes,"Circle, square, triangle, rectangle, oval. Naming all 5 basic shapes by name = geometry milestone at 33 months.",Cognitive,5–8,Shape cut-outs or drawings,31–33 months
More and Fewer,"Place 3 objects here and 5 there. 'Which group has more?' Comparative quantity: not counting, but visual quantity judgement.",Cognitive,5–8,Two groups of objects,31–33 months
Memory Game (6 Pairs),"6 matching pairs face-down. Turn 2, find matches. Working memory and concentration targeted directly.",Cognitive,10–15,12 cards in 6 matching pairs,31–33 months
Sequence a Story (4 Pictures),4 story pictures out of order. Can child arrange them in logical sequence? Narrative + causal reasoning combined.,Cognitive,5–10,4 sequential pictures,31–33 months
"Concept: First, Middle, Last",Line up 3 objects. 'Which is first? Last? Middle?' Ordinal position language builds mathematical foundation.,Cognitive,5–8,3 objects in a line,31–33 months
Friend Concept,Who is your friend? What do you like about them?' Friendship awareness at 31–33 months is a social milestone.,Social-Emotional,5–10,None,31–33 months
Take Turns in Group Game,Play a group game with 3–4 children where turns rotate. Supporting turn-taking in a group is more complex than in a pair.,Social-Emotional,10–15,Group game,31–33 months
Accepting 'No' Practice,"When a request must be declined, practice accepting it with words: 'Okay, maybe later.' Delayed gratification is teachable.",Social-Emotional,Ongoing,None,31–33 months
Cooperative Drawing,Two people draw on the same paper at the same time. Sharing a creative space without conflict is social maturity.,Social-Emotional,5–10,Large paper and crayons for two,31–33 months
Identify Emotions in Others (Real Life),Dadi looks tired today. What do you think she needs?' Reading real (not illustrated) emotional states is a harder skill.,Social-Emotional,Ongoing,None,31–33 months
Comfort Peer in Distress,When another child is upset: 'Can you think of something that might help them feel better?' Pro-social action seeded.,Social-Emotional,Ongoing,None,31–33 months
Mud Kitchen Play,"Outdoors: soil, water, pots, spoons. Make 'food', serve it, clean up. Sensory + imaginative + gross + fine motor all together.",Sensory,20–30,"Soil, water, pots, spoons (outdoors)",31–33 months
Shadow Play,"In bright sunlight, make and change shadow shapes. Tracing shadows on paper. Visual perception + fine motor + science.",Sensory,10–15,Sunlight or torch,31–33 months
Magnet Exploration,A magnet and various household objects. Which ones stick? Systematic testing of a material property.,Sensory,10–15,Magnet (fridge magnet) + household objects,31–33 months
Rhythm Clapping Patterns,Clap a 3-beat pattern and ask child to copy. Grade to 4-beat. Rhythmic working memory and motor sequencing.,Sensory,5–8,None,31–33 months
Blindfold Texture Guess,Blindfold or closed eyes; feel an object and name it. Tactile recognition without visual aid.,Sensory,5–10,Blindfold + household objects,31–33 months
Help Prepare a Simple Snack,"Peel a banana, spread butter on toast, pour cereal. Contributing to own food preparation builds self-care and agency.",Self-Care & Adaptive,10–15,Simple food preparation items,31–33 months
Dress Independently (Simple Items),"By 33 months: pull trousers up/down, put on shoes (even wrong feet), put on hat, take off jacket. Independence in sequence.",Self-Care & Adaptive,5–10,Clothing,31–33 months
Skip (Alternating Feet),True skipping (step-hop alternating feet) typically appears 3.5–4 years. Practice the step-hop on each foot separately first.,Gross Motor,5–10,None,34–36 months
Throw and Catch (Tennis Ball),Tennis-ball-sized throw and catch at 2 metres. Smaller ball demands greater precision than large-ball catching.,Gross Motor,5–10,Tennis ball or similar,34–36 months
Hop 10+ Times,10+ consecutive hops on the preferred foot. Non-preferred foot at this stage is typically 5–8 hops.,Gross Motor,3–5,None,34–36 months
Broad Jump Over Line,Mark two lines 40 cm apart. Jump from one to the other with both feet. Distance increases as leg strength and timing improve.,Gross Motor,3–5,Two tape lines,34–36 months
Balance on One Foot (5 Seconds),5-second one-foot balance without support. Practice eyes open then eventually eyes closed.,Gross Motor,3–5,None,34–36 months
Dribble a Ball (Bouncing),Bounce and catch a ball repeatedly. Dribbling (bouncing without catching) is harder and typically 4–5 years.,Gross Motor,5–10,Medium ball,34–36 months
Move to Music (Rhythm),Move to the beat of different musical styles. Rhythmic entrainment (body movement matching musical tempo) is a motor milestone.,Gross Motor,5–10,Music source,34–36 months
Gallop with Object in Hand,Gallop while holding an object in one hand. Dual-task motor automatisation: galloping becomes automatic enough for a second task.,Gross Motor,5–10,Small lightweight object,34–36 months
Copy Drawing: Triangle,Triangle requires three directional line changes at precise angles. Typically appearing 36 months: harder than square.,Fine Motor,5–10,Crayon and paper,34–36 months
Draw a Person (6 Parts),"Head, body, 2 arms, 2 legs. By 36 months: 6-part person is the benchmark drawing milestone.",Fine Motor,5–10,Crayon and paper,34–36 months
Copy First Name (Tracing),"Trace each letter of first name carefully. Letter-form learning happens through the motor movement, not just visual recognition.",Fine Motor,5–10,Paper with large name printed,34–36 months
Use Child Scissors for Shape,Cut out a simple shape (circle or triangle) drawn on paper. Following curved and angular lines in cutting.,Fine Motor,5–10,Child scissors and paper,34–36 months
Fold Paper into Envelope,Fold a piece of paper in thirds and tuck in the edges to make a simple envelope. Spatial folding and precise crease-making.,Fine Motor,5–10,Paper,34–36 months
Build Complex Block Structures,"Build a house, bridge, or tower using a picture as a model. Copying a 3D structure from a 2D picture is abstract spatial cognition.",Fine Motor,10–15,Blocks,34–36 months
1000+ Word Vocabulary,"At 36 months, vocabulary typically 900–1200 words. Strangers should understand 75–100% of speech by this age.",Language & Communication,Ongoing,None,34–36 months
Retell a Story (Sequence),"After reading a book, ask child to retell it in order without pictures. 4-event sequence recall is the 3-year target.",Language & Communication,5–10,Familiar book,34–36 months
Use Past and Future Tense,Yesterday I played. Tomorrow we will go.' Past and future tense correct usage is a 3-year grammar milestone.,Language & Communication,Ongoing,None,34–36 months
Explain How Something Works,"Why does the ball roll? Why does the fan spin?' 3-year-olds begin to explain mechanisms, not just name them.",Language & Communication,5–10,None,34–36 months
Letter Sound Game (5 Letters),What sound does S make? Dog starts with what letter?' 5-letter sound associations by 36 months = strong phonics foundation.,Language & Communication,5–8,None,34–36 months
5-Word Sentences (Complex),The big red dog ran away.' Complex sentences with adjectives and adverbs consistently = strong language development.,Language & Communication,Ongoing,None,34–36 months
Debate: Why is X Better?,Is a cat or a dog better to have? Why?' Opinion + justification: the beginning of argument and persuasive language.,Language & Communication,5–10,None,34–36 months
Rhyme a Word Family,"Cat, bat, sat, hat, rat: all rhyme. What else rhymes with cat?' Generating rhymes from a family = phonological fluency.",Language & Communication,5–8,None,34–36 months
Count to 20,"Count 20 objects one-to-one. Past 12, children must remember the teen pattern; past 20, the decade pattern begins.",Cognitive,5–8,20 small objects,34–36 months
Concept of Zero,How many elephants are on this table? Zero. Zero means none.' Zero as a quantity is an abstract concept to teach explicitly.,Cognitive,5–8,None,34–36 months
Name 10 Colours,"Red, blue, green, yellow, orange, purple, pink, black, white, brown. Naming all 10 basic colours by 36 months is solid.",Cognitive,5–8,Coloured objects,34–36 months
Days of the Week Introduction,Sing or say days of the week in sequence. Memorising the sequence before understanding the concept: sequence comes first.,Cognitive,5–8,None,34–36 months
Pattern Prediction (AABB),"AABB pattern: red, red, blue, blue, red, red… 'What comes next?' Two-repeat pattern is harder than ABAB.",Cognitive,5–8,Coloured objects,34–36 months
Cause-Effect Explanation,Why did that happen? What caused it?' Causal explanation (not just observation but mechanism) is a 3-year cognitive goal.,Cognitive,5–10,None,34–36 months
Cooperative Game (Rules),"Play a simple game with explicit rules (ludo, snap). Following rules in a game is the first social contract: a major SE milestone.",Social-Emotional,10–15,Simple card or board game,34–36 months
Conflict Resolution Script,"Teach: 'Stop. Think. Speak.' When a conflict happens, model the steps: pause, consider the other person, use words.",Social-Emotional,3–5,None,34–36 months
Recognise Own Feelings Early,I notice your face looks cross. Are you feeling frustrated before it comes out big?' Self-awareness before dysregulation.,Social-Emotional,Ongoing,None,34–36 months
Apology with Empathy,I'm sorry I took your toy. I know that made you sad.' Empathy embedded in apology: what they did + how the other felt.,Social-Emotional,Ongoing,None,34–36 months
Winning and Losing Gracefully,Practice in a real game. Celebrate both: 'You lost this time and stayed kind. That is very hard and very mature.',Social-Emotional,10–15,Game,34–36 months
Best-Friend Identification,Who is your favourite person to play with? What do you do together?' Intentional friendship at 3 is a social milestone.,Social-Emotional,5–10,None,34–36 months
Resist-and-Wait Practice,I know you want it now. Let's wait 2 minutes together.' Practise with a timer. Delayed gratification is a teachable executive function.,Social-Emotional,2–5,Timer,34–36 months
Slime Making,"Mix glue and bicarbonate of soda (or contact lens solution). Unique tactile input: stretchy, gooey, satisfying. Full sensory engagement.",Sensory,15–20,"PVA glue, bicarbonate of soda, contact lens solution",34–36 months
Sensory Story Walk,"Walk a route where child closes eyes at each stop and describes what they hear and feel. One sense at a time, deliberately.",Sensory,20–30,None (outdoors),34–36 months
Nature Printing,"Press leaves, bark, or flowers with paint onto paper. The texture transfer is visual, tactile, and creative simultaneously.",Sensory,10–15,"Leaves, paint, paper",34–36 months
Blindfold Object Guess,Feel objects in a bag without looking. Name or describe them. Pure tactile recognition with language challenge added.,Sensory,5–10,Bag + household objects,34–36 months
Rhythm Band,Assign different percussion sounds to different family members. Create a rhythm piece together. Auditory + motor + social.,Sensory,10–15,"Pots, spoons, containers",34–36 months
Simple Self-Care Sequence (Morning),"Wake, toilet, wash face, brush teeth, dress: child does as much as possible. Independence in sequence, not perfection in execution.",Self-Care & Adaptive,15–20,"Clothing, towel, toothbrush",34–36 months
Help with Household Chores,"Set the table, put laundry in the basket, water a plant. Contributing to household function builds competence and belonging.",Self-Care & Adaptive,5–10,Household items,34–36 months
Skip Distance Challenge,Skip from one end of the room to the other. Alternate leading foot each trip. Distance and coordination both increase weekly.,Gross Motor,5–10,None,3y–3y3m
Gallop Relay,"Gallop to a point, pick up an object, gallop back. Combining a motor skill with a task = motor automatisation.",Gross Motor,5–10,Small object + open space,3y–3y3m
Throw Overhand at Distance,Increase throwing distance to 3 metres. Overhand distance throw = full shoulder rotation and trunk twist working together.,Gross Motor,5–10,Ball,3y–3y3m
Hop on Non-Dominant Foot,"After mastering dominant foot hopping, work on non-dominant. Often takes 3–6 months more than dominant foot.",Gross Motor,3–5,None,3y–3y3m
Pump on a Swing,Teach the leg-pump rhythm for swinging independently. Pendulum mechanics + body coordination + rhythm = rich learning.,Gross Motor,10–15,Swing,3y–3y3m
Jump Rope (Assisted),"Hold rope and jump over it laid flat, then swing it slowly. Full jump rope is 5–6 years; foundations built from 3 years.",Gross Motor,5–10,Rope,3y–3y3m
Catch with One Hand,Catch a large soft ball with one hand. Single-hand catching requires much faster visual-motor processing than two-hand.,Gross Motor,5–10,Large soft ball,3y–3y3m
Steering Obstacle Course (Bike/Trike),Navigate around cones or objects at speed. Complex steering + speed control.,Gross Motor,10–15,Trike + objects for cones,3y–3y3m
Copy Drawing: Diamond,Diamond shape = two triangles. More complex than triangle; appears 4–5 years. Begin exploring it with guided tracing.,Fine Motor,5–10,Crayon and paper,3y–3y3m
Write First Name (Unaided),First attempt at unaided name writing. Any recognisable letters = progress. Letter formation before order: order comes second.,Fine Motor,5–10,Pencil and paper,3y–3y3m
Craft Project (Multi-Step),"Build a paper crown, collage, or model from 4+ steps with different materials. Planning and sequencing a multi-material project.",Fine Motor,15–20,"Paper, scissors, glue, tape",3y–3y3m
Use Ruler (Measure),Measure objects with a ruler: 'This book is 20 centimetres long.' Combining numeracy with fine motor tool use.,Fine Motor,5–10,Ruler,3y–3y3m
Fold Paper (Multiple Creases),Fold paper boat or simple origami frog. 4–5 creases requiring precise spatial awareness and planning.,Fine Motor,10–15,Paper,3y–3y3m
Braid 3 Strands (Simple),Demonstrate and let child attempt braiding 3 ribbons or cords. The over-under-over pattern is executive function in the hands.,Fine Motor,10–15,3 ribbons or cords,3y–3y3m
Tell Story with 5+ Events,"Spontaneous storytelling with a character, a problem, 3 events, and a resolution. Narrative structure growing.",Language & Communication,5–10,None,3y–3y3m
Ask and Answer 'Why' (Chain of 3),Sustain a chain of why-question-and-answer 3 turns deep. Each answer must be a full sentence.,Language & Communication,5–10,None,3y–3y3m
Introduction to Letters (Full Alphabet),"Introduce the alphabet song. Letter names before letter sounds: the song is a memory sequence, not phonics yet.",Language & Communication,5–10,None,3y–3y3m
Describe Yesterday in Detail,Tell me 5 things you did yesterday.' Episodic memory recall + narrative sequencing in combination.,Language & Communication,5–10,None,3y–3y3m
Compound Sentences,"The dog ran AND the cat hid.' Compound sentences (two clauses joined by 'and', 'but', 'so') are a grammar milestone.",Language & Communication,Ongoing,None,3y–3y3m
"Word Families (at, an, in)","-at words: cat, bat, sat, mat, hat.' Word families build phonological pattern recognition.",Language & Communication,5–8,None,3y–3y3m
Conversations with Adults (Sustained),5-turn conversation with an unfamiliar adult. Sustaining conversation with non-family adults = social language milestone.,Language & Communication,5–10,None,3y–3y3m
Read Environmental Print,"Read familiar logos, signs, and labels in the environment: shop name, cereal box, road signs. Environmental print = first reading.",Language & Communication,Ongoing,None (outdoors),3y–3y3m
Addition to 5 (Concrete),3 bananas + 2 bananas = 5 bananas.' Concrete object addition. The concept of adding before the symbol.,Cognitive,5–8,Fruit or objects,3y–3y3m
Subtraction to 5 (Concrete),"5 blocks. Take away 2. How many left?' Concrete subtraction. Count what remains, not just recite the answer.",Cognitive,5–8,5 small objects,3y–3y3m
Measurement Comparison,Which stick is longer? Which cup holds more?' Direct comparison measurement before formal units.,Cognitive,5–8,Two sticks or two cups,3y–3y3m
Days of the Week (in Order),Sing and recite days of the week in order. Mark each day on a simple calendar together.,Cognitive,5–8,Simple calendar or drawn week,3y–3y3m
Pattern: AABBC,"More complex pattern: red, red, blue, blue, green. 5-element pattern before repeating: demands higher working memory.",Cognitive,5–8,Coloured objects,3y–3y3m
Map Making (Simple),Draw a simple map of one room together. Spatial representation (map making) is abstract spatial cognition beginning.,Cognitive,10–15,Paper and crayon,3y–3y3m
Cooperative Building Project,"Build something together that neither could build alone: a fort, a long train, a tall tower. True cooperation with shared goal.",Social-Emotional,15–20,"Blankets, cushions, blocks",3y–3y3m
Conflict Resolution Role-Play,Act out a common conflict and try different resolutions. Role-playing the resolution builds the script for real situations.,Social-Emotional,5–10,None,3y–3y3m
Emotion Intensity Scale,How big are your feelings? A little bit or a LOT?' Emotion intensity awareness before intensity regulation.,Social-Emotional,5–8,None,3y–3y3m
Plan an Activity Together,What shall we do this afternoon? What do we need? What should we do first?' Child-led planning with support.,Social-Emotional,5–10,None,3y–3y3m
Appreciate Differences,Your friend likes climbing. You like painting. Both are great.' Differences in preference as valid and interesting: not better/worse.,Social-Emotional,Ongoing,None,3y–3y3m
Celebrate Others' Successes,When a friend achieves something: 'How do you feel about what they did? Can you tell them?' Pro-social emotion building.,Social-Emotional,Ongoing,None,3y–3y3m
Clay Sculpture (From Imagination),Make something from clay without a model or prompt. Imagination into 3D form: high-level creative and fine motor combined.,Sensory,15–20,Clay or atta dough,3y–3y3m
Sound Mapping,"Draw a map of sounds heard in the house: kitchen sounds, garden sounds. Audio representation in a visual medium.",Sensory,10–15,Paper and crayons,3y–3y3m
Texture Collage,"Collect 10 different textures (sandpaper, foil, fabric, bark) and stick on card. The making and the touching are both the activity.",Sensory,15–20,"Various texture samples, card, glue",3y–3y3m
Cooking: Mix and Pour,"Involve child in making a simple dish: pancake batter, lemonade. Measuring, pouring, mixing = sensory + numeracy + fine motor.",Sensory,20–30,Cooking ingredients and tools,3y–3y3m
Mindful Breathing (3 Breaths),"Let's take 3 big breaths together. In through the nose, out through the mouth.' Begin building breath as a self-regulation tool.",Sensory,2–3,None,3y–3y3m
Dress Completely Independently,Full dress sequence independently except challenging fastenings. Independence in self-care is as developmental as any skill.,Self-Care & Adaptive,10–15,Clothing,3y–3y3m
Make Own Breakfast (Simple),"Pour cereal, peel banana, spread butter on toast. Self-feeding preparation builds agency, fine motor, and self-reliance.",Self-Care & Adaptive,10–15,Simple breakfast items,3y–3y3m
Skip and Change Direction,"Skip, then on a signal change direction. Changing a skill mid-execution is a high-level motor planning task.",Gross Motor,5–10,None,3y3m–3y6m
Kick a Moving Ball,Kick a ball rolled toward them: timing a kick to a moving target is significantly harder than kicking a stationary one.,Gross Motor,5–10,Ball,3y3m–3y6m
Hop with Distance,Hop across a room on one foot: 5+ metres. Distance hopping builds stamina as well as motor control.,Gross Motor,5–10,None,3y3m–3y6m
Balance Beam: Walk Backward,Walk backward along a tape line without stepping off. Backward balance beam requires proprioceptive awareness.,Gross Motor,5–8,Tape line,3y3m–3y6m
Sprint vs Jog on Signal,"Run at full speed to a point when they hear 'go', slow to a jog on 'slow.' Speed modulation on command.",Gross Motor,5–10,Open space,3y3m–3y6m
Catch with Both Hands (Small Ball),Catching a tennis-ball-sized object thrown from 2 m with two hands closing at the right moment.,Gross Motor,5–10,Tennis ball,3y3m–3y6m
Jump Rope (Self-Turning),"Begin learning to turn a short rope independently and jump. Step over first, then small jumps, then rhythmic jumping.",Gross Motor,10–15,Short rope,3y3m–3y6m
Side Slide Steps,Step-slide-step sideways in both directions. Lateral movement uses a different motor pattern from forward locomotion.,Gross Motor,5–8,None,3y3m–3y6m
Copy Initials (2 Letters),"Write first and last name initials without tracing. Letter formation from memory, not visual copying.",Fine Motor,5–10,Pencil and paper,3y3m–3y6m
Mosaic Tile Placement,Stick small squares of coloured paper onto a grid to make a pattern. Precision placement in a constrained space.,Fine Motor,15–20,"Small coloured squares, grid paper, glue",3y3m–3y6m
Use a Stapler,Supervised stapler use. Knowing the correct pressure and position = tool awareness and fine motor calibration.,Fine Motor,5–10,Stapler and paper,3y3m–3y6m
Zig-Zag Cutting,Cut along a zig-zag line. Directional change while cutting is harder than cutting a curve.,Fine Motor,5–10,Child scissors and paper,3y3m–3y6m
Weave Fabric Strips,Weave cloth strips over and under cardboard loom slots. Over-under alternation sustained across a whole piece.,Fine Motor,15–20,"Cloth strips, cardboard with slots",3y3m–3y6m
Pin-and-Thread Simple Embroidery,Thread large-eyed blunt needle and make running stitch on open-weave fabric. Tactile + fine motor + sequencing.,Fine Motor,15–20,"Large-eyed blunt needle, fabric, thread",3y3m–3y6m
1500+ Word Vocabulary,"At 3y6m, vocabulary is typically 1200–1500 words. Sentences are 5–6 words with complex grammar emerging.",Language & Communication,Ongoing,None,3y3m–3y6m
Write a Dictated Sentence,"Say a sentence; child repeats, then writes it with whatever letters they know. Any attempt that maps to the sentence is progress.",Language & Communication,5–10,Pencil and paper,3y3m–3y6m
Read Simple C-V-C Words,"Cat, sat, mat, big, fit. Sound-blending 3-letter words: c-a-t = cat. The first reading bridge.",Language & Communication,5–10,Paper with simple words,3y3m–3y6m
"Use Conjunctions (Because, So, But)","I was cold, SO I put on a jumper.' Complex clause connectors = significant grammar sophistication.",Language & Communication,Ongoing,None,3y3m–3y6m
Explain a Process Step-by-Step,How do you make a sandwich? Tell me each step.' Procedural language: sequenced instruction giving.,Language & Communication,5–10,None,3y3m–3y6m
Conversation Repair,"When communication breaks down, teach: 'I don't understand: can you say it a different way?' Repair is advanced pragmatic skill.",Language & Communication,Ongoing,None,3y3m–3y6m
News Sharing,Daily 'news' time: 'Tell me one important thing that happened today.' Selective recall + reporting = executive + language.,Language & Communication,5–8,None,3y3m–3y6m
Simple Crossword (Picture),"A 3-clue picture crossword. Name the picture, count letters, fill boxes. Reading + counting + writing combined.",Language & Communication,5–10,Simple picture crossword,3y3m–3y6m
Add Within 10 (Concrete),Here are 4 blocks. I give you 3 more. How many altogether?' Count all strategy: touching each object to count.,Cognitive,5–10,10 small objects,3y3m–3y6m
Subtract Within 10 (Concrete),Remove objects from a group and count what remains. Cover the removed objects so child counts only remaining.,Cognitive,5–10,10 small objects,3y3m–3y6m
Name Days of Week in Order,Recite days of week reliably in order. Begin linking days to events: 'On Monday we have swimming.',Cognitive,5–8,None,3y3m–3y6m
Seasons Concept,Name 4 seasons and one characteristic of each. 'Winter is cold. Summer is hot.' Concept before observation.,Cognitive,5–8,None,3y3m–3y6m
Sort and Graph,Sort 20 objects into 3 groups. Count each group. Draw a simple bar graph of the results. Data literacy beginning.,Cognitive,10–15,"20 small objects, paper",3y3m–3y6m
Classify Living / Non-Living,Is a dog living? Is a chair living?' Living/non-living is the first science classification concept.,Cognitive,5–8,Household objects and toy animals,3y3m–3y6m
Express Needs Verbally Before Escalation,I feel like I need a break before I get too frustrated.' Body-awareness + self-advocacy + language = emotional executive function.,Social-Emotional,Ongoing,None,3y3m–3y6m
Introduce Compromise,"You want X, I want Y. What if we do X for 10 minutes and then Y?' Compromise as a concept explicitly taught.",Social-Emotional,5–8,None,3y3m–3y6m
Identity: I Am...,Tell me 5 things about you.' Not what you do: who you are. Self-concept building is the 3-year social-emotional task.,Social-Emotional,5–10,None,3y3m–3y6m
Friendship Maintenance,Your friend seems quiet today. What could you do?' Friendship requires maintenance actions: teach them explicitly.,Social-Emotional,Ongoing,None,3y3m–3y6m
Handle Disappointment Script,You're disappointed. Let's say what you're feeling and think of one thing that might help.' Disappointment skill.,Social-Emotional,3–5,None,3y3m–3y6m
Gratitude Practice,Name 3 things you're grateful for at dinner. Gratitude practice correlates with wellbeing and prosocial behaviour.,Social-Emotional,3–5,None,3y3m–3y6m
Cooking Sensory Experience,"Make chapati or simple bread together. Feel dough, smell cooking, hear sizzle, taste result. All 5 senses in one activity.",Sensory,20–30,"Flour, water, pan",3y3m–3y6m
Ice Melt Science,Fill ice trays with water + small objects. Freeze. Let child unmelt at room temperature or with warm water. Science + sensory.,Sensory,15–20,"Ice tray, water, small objects",3y3m–3y6m
Weaving with Natural Materials,"Weave grass, leaves, and twigs through a simple frame. Outdoor sensory + fine motor + creativity.",Sensory,15–20,"Sticks for frame, natural materials",3y3m–3y6m
Mindful Listening (2 Minutes),"Sit quietly for 2 minutes. When timer rings, share 3 things you heard. Auditory attention + metacognition.",Sensory,2–3,Timer,3y3m–3y6m
Light Table or Torch Play,"In a darkened room, explore light through coloured acetate or water. Light science + visual sensory exploration.",Sensory,10–15,"Torch, coloured acetate or water in bag",3y3m–3y6m
Independent Morning Routine,"Wake, toilet, wash, dress, breakfast: child completes the entire sequence with minimal reminders. Executive function in action.",Self-Care & Adaptive,20–30,None,3y3m–3y6m
Responsible for One Chore,"One daily chore owned completely: watering a plant, setting the table, feeding a pet. Responsibility + competence.",Self-Care & Adaptive,5–10,Chore-specific materials,3y3m–3y6m
Jump Over Moving Object,Jump over a rolling ball. Timing a jump to a moving target is a higher motor planning demand than a stationary jump.,Gross Motor,5–10,Large ball,3y6m–3y9m
Dribble and Run,"Bounce a ball continuously while walking, then while running. Dual-task automatisation: locomotion + ball control.",Gross Motor,10–15,Medium ball,3y6m–3y9m
One-Leg Balance (8 Seconds),"8-second one-foot balance, eyes open. Begin introducing eyes-closed versions briefly.",Gross Motor,3–5,None,3y6m–3y9m
Summersault Independently,"Forward roll without assistance. Head tuck, push-off, round-back landing. Proprioception and vestibular combined.",Gross Motor,3–5,Soft mat or rug,3y6m–3y9m
Tandem Walk (Heel-to-Toe),"Walk heel-to-toe in a straight line, arms out. Tandem walking tests balance in a constrained path.",Gross Motor,5–8,Tape line,3y6m–3y9m
Gallop with Music (Rhythm Match),"Gallop to music, matching the tempo. Rhythmic locomotion: motor planning linked to auditory input.",Gross Motor,5–10,Music source,3y6m–3y9m
Target Throwing (Underhand),Underhand toss into a basket from 1.5 m. Underhand vs overhand uses different arm mechanics -- both need practice.,Gross Motor,5–8,Ball and container,3y6m–3y9m
Jumping Jacks (Star Jumps),Demonstrate jumping jacks and let child try. Coordinating arm and leg movement simultaneously -- hard at this age.,Gross Motor,3–5,None,3y6m–3y9m
Letter Formation Practice (A-E),"Correct formation of letters A, B, C, D, E. Top-to-bottom and left-to-right directional habits built now last a lifetime.",Fine Motor,5–10,Pencil and paper,3y6m–3y9m
Watercolour Painting,"Paint with watercolours, rinsing brush between colours. Controlling dilution and brush pressure = fine motor calibration.",Fine Motor,10–15,"Watercolours, brush, water, paper",3y6m–3y9m
Weaving (Loom),Simple over-under weaving on a cardboard loom. Alternating the direction of each row = pattern thinking in the hands.,Fine Motor,15–20,"Cardboard loom, yarn",3y6m–3y9m
Use a Hole Punch,Punch holes along the edge of paper to make a lacing card. Using a hole punch requires significant grip force.,Fine Motor,5–10,Hole punch and paper,3y6m–3y9m
Cut Spiral,Draw a spiral and cut along the line. The continuously changing direction is the most demanding cutting challenge yet.,Fine Motor,5–10,Child scissors and paper,3y6m–3y9m
Roll a Thin Clay Snake,"Roll clay into a long thin snake without breaking it. Fine pressure calibration -- too hard = flatten, too soft = break.",Fine Motor,5–10,Clay or atta dough,3y6m–3y9m
Read Simple Sentences,"Read 3-word sentences: 'The cat sat.' Sound each letter, blend. First independent reading = a landmark moment.",Language & Communication,5–10,Simple reader or card with sentences,3y6m–3y9m
Write Simple Words (CVC),"Write simple consonant-vowel-consonant words: cat, sit, big. Encoding = higher skill than decoding. Celebrate any attempt.",Language & Communication,5–10,Pencil and paper,3y6m–3y9m
Use Adjectives and Adverbs,The small brown dog ran quickly.' Describe objects and actions with modifiers -- vocabulary sophistication growing.,Language & Communication,Ongoing,None,3y6m–3y9m
Tell a Joke,Learn one simple joke and tell it to someone. Jokes require understanding that words can have two meanings -- abstract language.,Language & Communication,5–10,None,3y6m–3y9m
Listen and Summarise,"Read a short paragraph, then ask: 'What was it about? Say it in two sentences.' Summarising requires comprehension + language.",Language & Communication,5–10,Short paragraph from any book,3y6m–3y9m
Name 10 Sight Words,"Common sight words: the, and, is, it, in, on, a, I, to, he. Sight word reading is memory + print awareness.",Language & Communication,5–10,Cards with sight words,3y6m–3y9m
Give Directions to Someone,Tell me how to get to the kitchen from here.' Spatial language + perspective-taking + sequential instruction.,Language & Communication,5–10,None,3y6m–3y9m
Debate Two Sides,Some people think dogs are better than cats. Some think cats are better. What's your view? Why?' Beginning of argument.,Language & Communication,5–10,None,3y6m–3y9m
Addition and Subtraction to 10,"Concrete then pictorial then symbolic. '4+3=?' on paper, with objects to count if needed.",Cognitive,5–10,Objects + pencil and paper,3y6m–3y9m
Even and Odd Numbers,"2, 4, 6 are even -- can be split into two equal groups. 1, 3, 5 cannot. Concrete splitting before the rule.",Cognitive,5–8,Small objects,3y6m–3y9m
Months of Year (Sequence),Recite months in order. Link each to a family event: 'My birthday is in July.' Sequence then meaning.,Cognitive,5–8,None,3y6m–3y9m
Concept of Money (Coins),"Identify coins by appearance and name their values. Sorting coins by value -- not yet purchasing, just denominations.",Cognitive,5–10,Real coins,3y6m–3y9m
Living Things Need...,What do plants need? What do animals need?' Beginning biology -- organisms have requirements for survival.,Cognitive,5–10,Plant to observe,3y6m–3y9m
Simple Map Reading,A map of the house or garden. Find a 'treasure' hidden using map coordinates. Spatial representation reading.,Cognitive,10–15,Drawn map + hidden object,3y6m–3y9m
Manage Waiting (5 Minutes),Wait 5 minutes for something desirable with a visible timer. Narrate the wait: 'We're waiting. That is hard. We can do it.',Social-Emotional,5–10,Timer,3y6m–3y9m
Ask for What You Need,"Practice saying 'I need...' or 'Can I have...' instead of grabbing, whining, or melting down. Verbal request habit.",Social-Emotional,Ongoing,None,3y6m–3y9m
Acknowledge Others' Feelings First,"Before I say what I want, let me notice how you are feeling.' Other-first awareness is sophisticated SE development.",Social-Emotional,Ongoing,None,3y6m–3y9m
Resilience Story,Read a book about a character who faces difficulty and succeeds. Discuss: 'What did they do when it was hard?',Social-Emotional,5–10,Book with resilience theme,3y6m–3y9m
Disagree Respectfully,I think it's different because...' Teaching disagreement that doesn't damage the relationship.,Social-Emotional,Ongoing,None,3y6m–3y9m
Gratitude Letter (Dictated),Dictate a thank-you to someone who helped them. Gratitude expressed externally = prosocial behaviour building.,Social-Emotional,5–10,Paper and pencil,3y6m–3y9m
Cooking Science (Baking Soda + Vinegar),"Mix baking soda and vinegar in a bowl. Watch, discuss why it fizzes. Hypothesis before result -- early science thinking.",Sensory,10–15,"Baking soda, vinegar, container",3y6m–3y9m
Blindfold Smell Test,Blindfolded: smell 6 household items and name them. Olfactory discrimination is rarely directly exercised.,Sensory,5–10,6 strongly scented household items,3y6m–3y9m
Shadow Puppets,Make hand-shadow animals on a wall with a torch. Visual creation + fine motor + narrative.,Sensory,10–15,Torch,3y6m–3y9m
Rhythm Pattern (4 Beat),Clap a 4-beat pattern and ask child to copy. Then let them create one for you to copy. Rhythmic working memory.,Sensory,5–8,None,3y6m–3y9m
Plant Observation Journal,Plant a seed and draw it each week. Observation + recording + science concept of growth over time.,Sensory,5–10,"Seed, pot, soil, drawing journal",3y6m–3y9m
Pack Own School Bag,"Child packs their own bag with a checklist: water bottle, lunch, library book, uniform. Executive function daily practice.",Self-Care & Adaptive,5–10,School bag + checklist,3y6m–3y9m
Manage Belongings,"Your responsibility: water bottle goes in your bag, shoes go in the rack, toys go in the box.' Ownership of own items.",Self-Care & Adaptive,Ongoing,None,3y6m–3y9m
Skip Relay Race,"Skip to a point, pick up an object, skip back -- in competition with self (timer) or family. Speed + skill combined.",Gross Motor,10–15,Small objects,3y9m–4y
Stand on Tiptoes (10 Seconds),Balance on tiptoes for 10 seconds. Calf strength + balance + body awareness.,Gross Motor,3–5,None,3y9m–4y
Throw Overhand (Aim at Target),Overhand throw at a target 3 m away. Accuracy + distance combined = complex motor planning.,Gross Motor,5–10,Ball + target,3y9m–4y
Balance on Wobble Board,Any improvised wobble surface (cushion on board). Dynamic balance is harder than static balance.,Gross Motor,5–10,Cushion or improvised wobble surface,3y9m–4y
Walk on Hands (Wheelbarrow),Parent holds legs; child walks on hands. Shoulder girdle strength and weight-bearing through arms.,Gross Motor,3–5,None,3y9m–4y
Stair Running,Run up and down stairs (safely). Requires much faster motor planning and leg activation than walking on stairs.,Gross Motor,5–8,Stairs,3y9m–4y
Dribble Around Obstacles,Dribble a ball around objects placed at 50-cm intervals. Controlled directional dribbling.,Gross Motor,5–10,Ball + obstacles,3y9m–4y
Controlled Landing from Jump,"Jump from 40 cm and land softly -- bent knees, arms out. Controlled landing is as important as the jump itself.",Gross Motor,3–5,Low step or table,3y9m–4y
Letter Formation (F-J),"Correct formation of letters F, G, H, I, J. Focus on correct starting point and direction.",Fine Motor,5–10,Pencil and paper,3y9m–4y
Sewing Running Stitch,Running stitch on open-weave fabric with a large blunt needle. Threading + in-out pattern + sustained fine motor.,Fine Motor,15–20,"Blunt needle, thread, open fabric",3y9m–4y
Origami (Simple Animal),Simple origami: bird or boat using 3-4 folds. Spatial + fine motor + following sequence.,Fine Motor,10–15,Square paper,3y9m–4y
Tying Knot (Simple Overhand),Tie an overhand knot in a rope. Pre-cursor to shoe-tying. Loop and through.,Fine Motor,5–10,Rope or shoelace,3y9m–4y
Draw Scene from Imagination,"Draw something that has never existed.' Imagination into representation -- no reference, only internal image.",Fine Motor,10–15,Drawing materials,3y9m–4y
Build 3D Model from Plan,Look at a photo or drawing of a structure and recreate it with blocks. 2D-to-3D translation.,Fine Motor,10–15,Blocks + reference picture,3y9m–4y
Read a Short Book (Independently),"Level-appropriate early reader: 8-12 pages, 1-2 sentences per page. Independent reading attempt.",Language & Communication,10–15,Level-appropriate early reader,3y9m–4y
Write a Short Sentence (Unaided),"3-5 words, own spelling attempt. 'The cat is big.' Phonetic spelling -- celebrate all attempts regardless of accuracy.",Language & Communication,5–10,Pencil and paper,3y9m–4y
Explain Your Thinking,"How did you know it was a dog? What told you?' Metacognitive language: explaining reasoning, not just answering.",Language & Communication,5–10,None,3y9m–4y
Presentation to Family,Show-and-tell: choose an object and speak about it for 1 minute to family. Public speaking practice in a safe context.,Language & Communication,5–10,Chosen object,3y9m–4y
Interview a Family Member,Child interviews a parent or grandparent: 'What was your favourite food as a child?' Language + social + inquiry.,Language & Communication,5–10,None,3y9m–4y
Understand Idioms (Simple),It's raining cats and dogs -- does that mean real cats and dogs?' Figurative language awareness beginning.,Language & Communication,5–8,None,3y9m–4y
Create Own Book,"Fold 4 sheets of paper, staple, write a title, draw 4 pictures, dictate the story text. Author identity building.",Language & Communication,15–20,"Paper, stapler, drawing materials",3y9m–4y
Debate + Evidence,Why do you think that? What makes you sure?' Adding evidence to an opinion. Critical thinking through language.,Language & Communication,5–10,None,3y9m–4y
Addition and Subtraction to 20,Extend arithmetic to 20 with concrete supports first. Count-on strategy: start from the larger number.,Cognitive,5–10,20 objects + number line drawn on paper,3y9m–4y
Halves and Quarters,"Cut an apple or paper into 2 equal halves, then 4 equal quarters. Fraction concept through direct physical splitting.",Cognitive,5–10,Apple or paper,3y9m–4y
Weight Comparison,Balance two objects on a plank over a pivot. Which is heavier? Direct comparison before scales.,Cognitive,5–10,"Plank, pivot (rolled towel), objects",3y9m–4y
Concept of Time Duration,"How long is 1 minute? 5 minutes? Time a minute of activity, then wait a minute. Duration concept before clock reading.",Cognitive,5–8,Timer,3y9m–4y
Animal Classification,"Sort animals into mammals, birds, fish, insects. Classification by shared characteristics = taxonomy thinking.",Cognitive,5–10,Toy animals or pictures,3y9m–4y
Create a Survey,"Do you prefer apples or oranges?' Survey 5 family members, record results, draw graph. Data collection at its simplest.",Cognitive,10–15,Paper for tally chart,3y9m–4y
Handle Unfairness,When something seems unfair: 'Tell me what you think happened and what you think would be fair.' Reasoning about justice.,Social-Emotional,5–10,None,3y9m–4y
Include an Outsider,When playing with others: 'Is there anyone who isn't playing? Can we include them?' Proactive inclusivity.,Social-Emotional,Ongoing,None,3y9m–4y
Persistence Practice,Attempt something just beyond current ability for 5 minutes without giving up. 'I can't do it yet -- not yet.',Social-Emotional,5–10,Challenging task,3y9m–4y
Manage Boredom,I'm bored.' Response: 'Let's see what you can create with these 5 things.' Resourcefulness from boredom = creativity.,Social-Emotional,5–10,5 household objects,3y9m–4y
Recognise Your Own Triggers,What kinds of things make you feel very upset? Let's make a list.' Trigger awareness before trigger management.,Social-Emotional,5–10,None,3y9m–4y
Celebrate Failure,Share a time you failed and what you learned. Normalise failure explicitly: 'Failing is how we find out what to do differently.',Social-Emotional,5–10,None,3y9m–4y
Garden Science,"Plant seeds, water them, observe growth daily. Science hypothesis: 'What does a plant need to grow?'",Sensory,Ongoing,"Seeds, pot, soil, water",3y9m–4y
Colour Mixing (Paints),Primary colour mixing: what does red + blue make? Let child predict before mixing. Science + sensory + language.,Sensory,10–15,"Red, blue, yellow paint; paper",3y9m–4y
Build a Marble Run,"Build a run from rolled paper or tubes. Engineering: ramp angle, connections, energy transfer.",Sensory,15–20,"Paper tubes, tape",3y9m–4y
Listen to Classical Music (Still),Sit for 5 minutes and listen to a piece of music without words. What pictures does it make in your mind?,Sensory,5–10,Classical music recording,3y9m–4y
Clay Pottery (Coil Method),Roll long clay coils and stack them to build a pot. Coil pottery is one of the oldest craft techniques.,Sensory,15–20,Clay or atta dough,3y9m–4y
Responsible Pet Care,"If family has a pet: feed, water, clean up after under supervision. Daily animal responsibility.",Self-Care & Adaptive,5–10,Pet-care materials,3y9m–4y
Money for Small Purchase,Give coins for a small purchase at a shop. Count out the right amount. Real-world transaction practice.,Self-Care & Adaptive,5–10,Coins,3y9m–4y
Skip 20 Metres Without Stopping,Sustained skipping over a distance requires stamina as well as skill -- the motor pattern becomes automatic.,Gross Motor,5–8,Open space,4y–4y3m
Ride a Bicycle (Training Wheels),"Balance + steering + pedalling + braking all together. Even with training wheels, this is the most complex motor task to date.",Gross Motor,15–20,Bicycle with training wheels,4y–4y3m
Hop on Non-Dominant Foot (5+),5+ hops on the non-dominant foot. This typically lags dominant by 3-6 months -- both sides need direct practice.,Gross Motor,3–5,None,4y–4y3m
Throw Distance (5 Metres),"Overhand throw to 5-metre distance. Full body rotation, arm extension, and follow-through must all coordinate.",Gross Motor,5–10,Ball,4y–4y3m
Jump Down from 50 cm,Jump from a 50-cm height and land safely with soft knees. Height judgement and controlled landing.,Gross Motor,3–5,Step or table (50 cm),4y–4y3m
Move to Music (Complex Rhythm),Move to music with syncopated rhythm. Following complex rhythm requires auditory discrimination and motor response.,Gross Motor,5–10,Music with varied rhythm,4y–4y3m
Aim and Kick (Moving Ball),Kick a rolling ball -- timing the contact point on a moving target.,Gross Motor,5–10,Ball,4y–4y3m
Side Shuffle Race,Side-shuffle (step-together-step) to a point and back. Lateral movement at speed.,Gross Motor,5–8,None,4y–4y3m
Letter Formation (K-P),"Correct formation of letters K, L, M, N, O, P. Build toward writing the full alphabet.",Fine Motor,5–10,Pencil and paper,4y–4y3m
Draw Portrait of a Person,"Draw a person with face details: eyes, nose, mouth, hair, eyebrows. Observed portrait vs schematic figure.",Fine Motor,10–15,Drawing materials,4y–4y3m
Knit or Crochet (Simple),"Knitting: cast on 8 stitches, do 4 rows. Even basic knitting requires bilateral coordination and pattern following.",Fine Motor,15–20,Thick yarn and large needles,4y–4y3m
Cut Complex Shape,Cut out a picture of a house or animal from a drawn outline. Complex shape-following.,Fine Motor,10–15,Child scissors and paper with complex outline,4y–4y3m
Build Freestanding Tall Tower,Build the tallest possible tower from household recycling. Stability physics: base width vs height ratio.,Fine Motor,10–15,"Cardboard boxes, toilet rolls, tape",4y–4y3m
Construct Paper Aeroplane,Basic paper plane requires 5-6 precise folds. Launch it: does direction of fold affect flight?,Fine Motor,10–15,Paper,4y–4y3m
Read a Level-1 Early Reader,"8-12 pages, repeating sentence pattern. Read independently; parent supports only when stuck.",Language & Communication,10–15,Level 1 early reader book,4y–4y3m
Write Own Story (3 Sentences),"3 sentences: character, problem, resolution. Own invented narrative committed to paper.",Language & Communication,10–15,Pencil and paper,4y–4y3m
Learn 20 Sight Words,First 20 high-frequency words. These are the building blocks of early reading fluency.,Language & Communication,5–10,Sight word cards,4y–4y3m
Simile Introduction,The cloud is like cotton wool.' Make 5 similes about things in the room. Figurative language production.,Language & Communication,5–10,None,4y–4y3m
Retell Story with Different Ending,"After reading a story, ask: 'What would happen if the ending was different?' Narrative manipulation.",Language & Communication,5–10,Familiar story,4y–4y3m
Listen and Draw,Describe a scene verbally; child draws it without seeing the description. Listening comprehension + visual production.,Language & Communication,5–10,Drawing materials,4y–4y3m
Read a Simple Poem,"Read a short poem together. Identify rhymes, count syllables in words. Poetry as a linguistic object.",Language & Communication,5–10,Simple poem,4y–4y3m
Write a Letter,"Dictate or write a letter to a real person (grandparent, friend). Letter-writing structure: greeting, body, sign-off.",Language & Communication,10–15,Pencil and paper,4y–4y3m
Addition with Carrying (Simple),9 + 3 = 12. The concept that 10 ones become 1 ten. Use objects to cross the 10-barrier concretely.,Cognitive,5–10,Objects + tens and ones representation,4y–4y3m
Number Line (0-20),Draw a number line 0-20 and use it for addition and subtraction. The number line models quantity spatially.,Cognitive,5–10,Paper,4y–4y3m
Measure with Non-Standard Units,"Measure the table using hand-spans, or the room using shoe-lengths. Non-standard measurement before cm.",Cognitive,5–10,Paper for recording,4y–4y3m
Plant Life Cycle,Seed → sprout → plant → flower → seed. Draw the cycle as a diagram. First cyclical thinking in science.,Cognitive,5–10,Paper and crayons,4y–4y3m
Force and Motion,Push a toy car on carpet vs smooth floor. Why is one harder? Forces changing motion -- first physics concept.,Cognitive,5–10,"Toy car, different surfaces",4y–4y3m
3D Shape Names,"Cube, sphere, cylinder, cone, pyramid. Match to household objects. 3D shape language before formal geometry.",Cognitive,5–10,Household objects,4y–4y3m
Recognise When You Need Help,This is too hard for me right now. I need support.' Asking for help before frustration peaks is executive function.,Social-Emotional,Ongoing,None,4y–4y3m
Handle Being Wrong,"When corrected, respond: 'Oh, I see. So I was wrong about that -- I'll try to remember.' Model and practice.",Social-Emotional,Ongoing,None,4y–4y3m
Interest in Another's World,What is your favourite thing? Tell me all about it.' Genuine curiosity about another's inner life -- theory of mind growing.,Social-Emotional,5–10,None,4y–4y3m
Disagree Politely with Adult,"I think it might be a bit different because...' Respectful disagreement with authority. Assertiveness, not defiance.",Social-Emotional,Ongoing,None,4y–4y3m
Group Project Contribution,"Work on a group project (art, building, game). Contribute without needing to lead or control -- fellowship skill.",Social-Emotional,15–20,Group activity materials,4y–4y3m
Take Care of Something Living,"Water a plant daily for a week. Small, consistent caretaking responsibility builds empathy and agency together.",Social-Emotional,Ongoing,Plant and watering can,4y–4y3m
Leaf Printing,Press autumn leaves with paint onto paper. Vein detail prints clearly -- observe the structure of the leaf in the print.,Sensory,10–15,"Leaves, paint, paper",4y–4y3m
"Make Instruments (Shakers, Drums)","Fill bottles with different amounts of rice for shakers, stretch rubber band across box for guitar. Sound science.",Sensory,15–20,"Bottles, rice, rubber bands, boxes",4y–4y3m
Dark Room Torch Exploration,"In a darkened room: explore what the torch illuminates. Experiment with angles, distance, colour.",Sensory,10–15,Torch,4y–4y3m
Make a Kite,"Simple kite from paper, sticks, and string. Fly it -- observe how wind interacts with a surface.",Sensory,15–20,"Paper, sticks, string",4y–4y3m
Cooking (Simple Dish Solo),"With adult present, child independently makes a simple dish: boiled egg, toast, fruit salad.",Sensory,20–30,Simple food items,4y–4y3m
Manage Pocket Money,Given a small amount per week. Track what was spent and saved. Money management from the first rupee.,Self-Care & Adaptive,Ongoing,Small amount of real money,4y–4y3m
First Aid Basics,"Learn: stop bleeding with pressure, run cold water on burns. Two specific first-aid responses a 4-year-old can perform.",Self-Care & Adaptive,5–10,"Bandage, cold water",4y–4y3m
Bicycle Without Training Wheels,Remove training wheels when balance bike balance is good. First real bike = one of the most complex motor achievements of childhood.,Gross Motor,15–20,Bicycle without training wheels,4y3m–4y6m
Skip with Rope (Self-Turning),Turn own rope and jump: 10+ consecutive jumps. Coordinating arm circles and leg jumps is a high-level motor achievement.,Gross Motor,10–15,Jump rope,4y3m–4y6m
Throw and Catch (Partner),"Throw and catch with a partner at 3-m distance: underhand, overhand, and bounce throw variants.",Gross Motor,5–10,Ball,4y3m–4y6m
Kick Penalty Goal,"Set up a small goal; kick from 3 m with power and aim. Combining power, direction, and timing.",Gross Motor,5–10,Ball + goal (two objects),4y3m–4y6m
Backwards Skip,Skip backwards -- significantly harder than forward as direction reversal and coordination must both work.,Gross Motor,5–8,None,4y3m–4y6m
Cartwheels (Attempt),Demonstrate a cartwheel and let child try. Controlled weight-bearing through hands + leg extension = advanced gymnastics.,Gross Motor,5–8,Open safe space,4y3m–4y6m
Swim Basic Stroke (If Exposed),"If swimming opportunity: 5-metre distance, any stroke, with floaties if needed. Water confidence first.",Gross Motor,15–20,Swimming pool,4y3m–4y6m
Sprint 30 Metres (Timed),Time a 30-metre sprint and record. Tracking personal speed progress -- intrinsic motivation + physical literacy.,Gross Motor,5–8,Open space + timer,4y3m–4y6m
Letter Formation (Q-V),"Correct formation of letters Q, R, S, T, U, V -- including the trickiest ones that children reverse.",Fine Motor,5–10,Pencil and paper,4y3m–4y6m
Sewing a Simple Shape,Sew around the outline of a simple shape on fabric. Following a curved line in sewing.,Fine Motor,15–20,"Fabric, blunt needle, thread",4y3m–4y6m
Tie a Bow (Shoelace),Teach shoe-tying: make rabbit ears method or loop-swoop-pull. This is one of the hardest fine motor tasks of early childhood.,Fine Motor,10–15,Shoelace or practice board,4y3m–4y6m
Mosaic or Tile Pattern,Create a geometric mosaic using small square stickers or paper. Colour planning + precision placement.,Fine Motor,15–20,"Small coloured squares, grid, glue",4y3m–4y6m
Carve Soap or Clay (Subtractive),Use a blunt tool to remove clay or carve soft soap. Subtractive sculpture is very different from additive building.,Fine Motor,15–20,Soap bar or firm clay + blunt tool,4y3m–4y6m
Design Then Build,"Design a structure on paper, then build it with available materials. Does the result match the plan? Adjust if not.",Fine Motor,15–20,Drawing materials + building materials,4y3m–4y6m
Read Level-2 Reader,"Level 2: 12-16 pages, more varied vocabulary, less repetition. Reading pace and fluency building.",Language & Communication,10–15,Level 2 early reader,4y3m–4y6m
Write a Recount,Write 3-4 sentences about what you did yesterday. Past-tense writing + event sequencing + punctuation awareness.,Language & Communication,10–15,Pencil and paper,4y3m–4y6m
Punctuation Awareness,Full stop ends a sentence. Question mark for questions. Read a sentence and identify punctuation.,Language & Communication,5–8,Book or written sentence,4y3m–4y6m
Parts of a Story,"Story has: characters, setting, problem, events, resolution. Identify each in a known story. Story grammar.",Language & Communication,5–10,Familiar book,4y3m–4y6m
Read Aloud with Expression,"Read a passage with appropriate volume, pace, and expression. Fluent expressive reading comprehension.",Language & Communication,5–10,Any text,4y3m–4y6m
Persuasive Letter,"Write (or dictate) a letter asking for something with 2 reasons. 'Dear Papa, I would like a dog because...'",Language & Communication,5–10,Pencil and paper,4y3m–4y6m
Create Crossword for Family,Make a simple 5-clue crossword for a family member to solve. Word knowledge + spelling + spatial placement.,Language & Communication,10–15,"Pencil, paper, ruler",4y3m–4y6m
Newspaper Report,Write a 'news report' about something that happened today: Headline + Who + What + When + Where.,Language & Communication,10–15,Pencil and paper,4y3m–4y6m
Multiplication Introduction (Grouping),2 groups of 3 = 6 total. Physical grouping before the times table. 'Multiplication means equal groups.',Cognitive,5–10,Small objects for grouping,4y3m–4y6m
Division Introduction (Sharing),12 objects shared equally among 4 people -- how many each? Concrete sharing before the division symbol.,Cognitive,5–10,12 small objects,4y3m–4y6m
Fractions (½ and ¼),Show ½ and ¼ with folded paper and with food. 'We cut the pizza into 4 equal pieces -- each is one quarter.',Cognitive,5–10,"Paper and food (apple, roti)",4y3m–4y6m
Weather Patterns (Observation),"Keep a 5-day weather journal: sunny, cloudy, rainy, windy. Weather prediction by pattern recognition.",Cognitive,Ongoing,Drawing journal,4y3m–4y6m
Simple Electrical Circuit,Battery + wire + bulb. Does the light go on? What happens if we break the circuit? Simple electricity science.,Cognitive,10–15,"Small battery, wire, bulb (from toy)",4y3m–4y6m
Clock Reading (Hour and Half Hour),Read a clock at exact hours and half hours. Analogue clock before digital -- analogue requires spatial reasoning.,Cognitive,5–10,Analogue clock or drawn clock face,4y3m–4y6m
Mentor a Younger Child,"Teach a younger sibling or cousin how to do something: a game, a craft, a skill. Teaching consolidates the teacher's own knowledge.",Social-Emotional,15–20,None,4y3m–4y6m
Handle Peer Conflict Independently,"When a peer conflict arises, step back and let child attempt resolution before intervening. Debrief after.",Social-Emotional,Ongoing,None,4y3m–4y6m
Understand Different Opinions,She thinks it's scary. You think it's exciting. Both of you are right about what YOU feel.' Opinion diversity.,Social-Emotional,Ongoing,None,4y3m–4y6m
Make a Family Decision Together,"Family meeting on a small household decision: where to eat, what film to watch. Child's vote counts equally.",Social-Emotional,10–15,None,4y3m–4y6m
Identify Own Strengths,Name 3 things you're really good at. Name 1 thing you're still working on.' Balanced self-assessment.,Social-Emotional,5–8,None,4y3m–4y6m
Volunteer or Help Community,"Help a neighbour carry groceries, participate in a local clean-up. Community beyond family -- prosocial behaviour.",Social-Emotional,15–20,None,4y3m–4y6m
Marble Run Engineering,"Design, build, and test a marble run from tubes and tape. Engineering: hypothesis, build, test, iterate.",Sensory,20–30,"Tubes, tape, marbles or balls",4y3m–4y6m
Dissect a Flower,"Pull a flower apart carefully and identify petal, stamen, pistil, sepal. Biology observation + language + fine motor.",Sensory,15–20,Flower,4y3m–4y6m
Make and Test Boats,Fold and build boats from various materials; test which floats best. Buoyancy hypothesis and testing.,Sensory,15–20,"Paper, foil, clay + water container",4y3m–4y6m
Stargazing and Moon Journal,"On clear nights, observe the moon's shape and draw it. Moon phase pattern recognition over 4 weeks.",Sensory,10–15,Drawing journal,4y3m–4y6m
Make Natural Dyes,Boil beetroot or turmeric in water; dye fabric. Colour science + sensory + natural material exploration.,Sensory,20–30,"Beetroot or turmeric, water, fabric",4y3m–4y6m
Cook a Full Simple Meal,"With supervision, cook a full simple meal: dal-rice or pasta. Planning, sequencing, measuring, timing.",Self-Care & Adaptive,30–45,Kitchen ingredients and tools,4y3m–4y6m
Manage Own Health (Basics),I feel sick -- I have a headache/tummy ache.' Accurately naming and reporting own physical state to an adult.,Self-Care & Adaptive,Ongoing,None,4y3m–4y6m
Sprint with Baton Pass,"Sprint 10 m, pass an object to a partner who sprints on. Hand-off requires timing and spatial awareness in motion.",Gross Motor,10–15,Small object as baton,4y6m–4y9m
Hop Scotch (Full Game),"Hop, jump, pick up stone, hop back. Number sequence + motor planning + balance all in one traditional game.",Gross Motor,10–15,Chalk or tape + stone,4y6m–4y9m
Swim 10 Metres (If Exposed),Independent 10-metre swim with any stroke. Breathing technique + stroke + direction = three systems coordinating.,Gross Motor,15–20,Swimming pool,4y6m–4y9m
Throw and Catch (One Hand),One-handed catch from 2 m. Requires faster hand positioning decision than two-handed catching.,Gross Motor,5–10,Small ball,4y6m–4y9m
"Gymnastics (Roll, Bridge, Cartwheel)",Forward roll + bridge + cartwheel attempt in sequence. Gymnastics sequence requires memory + motor execution.,Gross Motor,5–10,Soft surface,4y6m–4y9m
Balance on Skateboard/Board,Balance on a skateboard or wooden board. Dynamic balance on an unstable surface -- high-level proprioception.,Gross Motor,5–10,Skateboard or plank on rolled towels,4y6m–4y9m
Dribble Basketball (Both Hands),"Dribble 5 times with right, 5 with left. Non-dominant hand dribbling is significantly harder.",Gross Motor,5–10,Basketball or large ball,4y6m–4y9m
Long Jump (Distance Record),Jump as far as possible from standing; mark and measure. Track personal record over weeks.,Gross Motor,5–8,Tape measure or ruler,4y6m–4y9m
Letter Formation (W-Z),"Complete the alphabet: W, X, Y, Z. Child can now write the full alphabet from memory.",Fine Motor,5–10,Pencil and paper,4y6m–4y9m
Perspective Drawing (Simple),Draw a room from above (bird's-eye view). Point of view and spatial representation together.,Fine Motor,10–15,Drawing materials,4y6m–4y9m
Cross Stitch (3×3 Grid),A 9-cross cross-stitch in a simple pattern. Requires holding the pattern in mind while executing each cross.,Fine Motor,15–20,"Canvas, needle, embroidery thread",4y6m–4y9m
Build Circuit (Light or Motor),Add a switch to the battery-wire-bulb circuit. Switch = control of a circuit = power concepts.,Fine Motor,10–15,"Battery, wire, bulb, paper-clip switch",4y6m–4y9m
Carve Vegetable Print,Press a carved potato or carrot into paint and print. Subtractive carving + repetitive printing.,Fine Motor,15–20,"Potato or carrot, blunt carving tool, paint",4y6m–4y9m
Design Logo,Design a simple logo for an imaginary brand. Design thinking + creativity + fine motor communication.,Fine Motor,10–15,Drawing materials,4y6m–4y9m
Read a Chapter Book (First),"First chapter book: short chapters, many illustrations. Reading across multiple sessions = stamina and memory together.",Language & Communication,15–20,Age-appropriate chapter book,4y6m–4y9m
Write a Poem,Rhyming couplets or free verse about a favourite thing. Poetry writing = word choice precision.,Language & Communication,10–15,Pencil and paper,4y6m–4y9m
Read Aloud to Younger Child,Read a picture book to a younger sibling or cousin. Teaching reading consolidates the reader's own skill.,Language & Communication,10–15,Picture book,4y6m–4y9m
Word Problem in Maths,Riya has 8 mangoes. She gives 3 to her friend. How many remain?' Language + maths = real-world numeracy.,Language & Communication,5–10,None,4y6m–4y9m
Speech: Favourite Topic,"Prepare and deliver a 2-minute talk on a favourite subject. Structure: introduction, 3 points, conclusion.",Language & Communication,10–15,None,4y6m–4y9m
Alliteration and Assonance,Peter Piper picked...' Tongue twisters. Alliteration awareness = phonological sensitivity at its most playful.,Language & Communication,5–8,None,4y6m–4y9m
Research a Topic (Guided),Choose an animal or place. Find 5 facts using books or supervised internet. 'Where did you find each fact?',Language & Communication,15–20,Books or supervised device,4y6m–4y9m
Write Instructions,Write step-by-step instructions for making something they know. Procedural text with numbered steps.,Language & Communication,10–15,Pencil and paper,4y6m–4y9m
Times Tables (2 and 5),Learn 2x and 5x tables through songs and patterns. Multiplicative reasoning before the tables is memorised.,Cognitive,5–10,None,4y6m–4y9m
Understand Place Value,"Ones, tens, hundreds with physical objects (lentils in cups). Bundling 10 ones into 1 ten concretely.",Cognitive,5–10,Lentils or objects + cups,4y6m–4y9m
Graph Reading,Read a simple bar graph: 'Which colour got the most votes?' Information extraction from data representation.,Cognitive,5–8,Simple bar graph,4y6m–4y9m
Life Cycles (Frog or Butterfly),Egg → tadpole/caterpillar → frog/butterfly. Draw the cycle. Compare to plant life cycle studied earlier.,Cognitive,5–10,Drawing materials,4y6m–4y9m
Simple Machines,"Lever, wheel, ramp. Demonstrate each with household items: broom as lever, pencil under book as wheel.",Cognitive,5–10,"Broom, pencil, book",4y6m–4y9m
Map Making (Neighbourhood),Draw a map of the local area from memory. What's near our house? What direction is the park?,Cognitive,10–15,Paper and crayons,4y6m–4y9m
Self-Manage Task Completion,I said I would finish this today. I haven't yet -- what do I need to do to finish it?' Task commitment + follow-through.,Social-Emotional,Ongoing,None,4y6m–4y9m
Peer Teaching,Teach a peer (not sibling) how to play a game or do a craft. Social teaching requires reading the other person's learning.,Social-Emotional,15–20,Game or craft materials,4y6m–4y9m
Navigate Clique Dynamics,What happened when you felt left out? How did it feel? What did you do?' Social complexity is real now.,Social-Emotional,5–10,None,4y6m–4y9m
Goal Setting (Weekly),"Set 1 small goal for the week: practice reading 10 min daily, learn to tie shoes. Review at end of week.",Social-Emotional,5–8,Paper for recording the goal,4y6m–4y9m
Recognise Peer Emotions in Real Time,Your friend looks upset right now. What do you think happened?' Reading real social cues in real time.,Social-Emotional,Ongoing,None,4y6m–4y9m
Cultural Curiosity,Learn about a different cultural celebration or tradition. Curiosity about difference before judgement.,Social-Emotional,5–10,Book or conversation with family,4y6m–4y9m
Build a Terrarium,"Soil, stones, small plants in a glass container. Ecosystem awareness + ongoing observation responsibility.",Sensory,20–30,"Container, soil, stones, small plant",4y6m–4y9m
Colour-Mixing Science,"Mix food colours: R+B=purple, B+Y=green, R+Y=orange. Record predictions and results. Science method.",Sensory,10–15,"Food colouring, white paper, brushes",4y6m–4y9m
Knot Tying (3 Types),"Overhand, reef knot, simple hitch. Practical knot knowledge + fine motor + spatial manipulation.",Sensory,15–20,Rope,4y6m–4y9m
Rhythm Composition,Create a 4-beat rhythm using body percussion; teach it to a family member. Composition + teaching = music literacy.,Sensory,10–15,None,4y6m–4y9m
Taste and Describe,"Blind taste test: describe 6 foods using texture, temperature, and taste words. Sensory vocabulary building.",Sensory,10–15,6 small food items,4y6m–4y9m
Personal Safety Rules,Know: full name + parent's phone number + home address. First safety information a child should own.,Self-Care & Adaptive,5–10,None,4y6m–4y9m
Budget for Outing,Given a small amount: plan what to spend it on for a family outing. Prioritisation + arithmetic + negotiation.,Self-Care & Adaptive,10–15,Small amount of real money,4y6m–4y9m
Sprint Circuit (5 Stations),"Run a 5-station circuit: sprint, hop, jump, crawl, balance. Switching motor tasks = executive function + physical fitness.",Gross Motor,10–15,Open space + station markers,4y9m–5y
Play Team Sport (Simple Rules),"Relay race, simple football, or cricket with basic rules. Team sport introduces strategy, roles, and shared outcome.",Gross Motor,15–20,None,4y9m–5y
Bicycle on Rough Terrain,Ride on grass or gravel path. Variable surface challenges balance and steering significantly more than pavement.,Gross Motor,10–15,Bicycle,4y9m–5y
Swim 25 Metres (If Exposed),25-metre length swim independently. Breath control + stroke + endurance = full swimming foundation.,Gross Motor,15–20,Swimming pool,4y9m–5y
Gymnastics Floor Sequence,"3-element sequence: roll, balance, jump. Remembering and performing a sequence of gymnastic elements.",Gross Motor,5–10,Soft surface,4y9m–5y
Dance Sequence (8 Moves),Learn an 8-move dance sequence. Memory of movement sequence + rhythmic execution.,Gross Motor,10–15,Music,4y9m–5y
Throw and Catch Moving,Throw and catch while both thrower and catcher are walking. Moving target + moving thrower = high complexity.,Gross Motor,5–10,Ball,4y9m–5y
Controlled Dribble Around Cones,Dribble a ball around 5 cones without knocking them. Precision + continuous ball control.,Gross Motor,10–15,Ball + 5 objects as cones,4y9m–5y
Full Alphabet in Capitals + Lowercase,Write the complete alphabet in both forms from memory. Automatised handwriting foundation.,Fine Motor,5–10,Pencil and paper,4y9m–5y
Comic Strip Creation,"Draw a 4-panel comic: character, problem, action, resolution. Narrative in sequential visual medium.",Fine Motor,15–20,Drawing materials,4y9m–5y
Puppet Making,Create a puppet from a sock or paper bag; design the face and outfit. Then perform with it.,Fine Motor,20–30,"Sock or paper bag, fabric, glue, markers",4y9m–5y
Calligraphy (Basic),Make each letter with a thicker downstroke and thinner upstroke. Pressure control in mark-making.,Fine Motor,10–15,Thick and thin markers or pencil,4y9m–5y
Build Mechanical Toy,Build a simple lever or pulley from household materials. Engineering: how does the mechanism work?,Fine Motor,20–30,"Spools, string, card, tape",4y9m–5y
Jigsaw Puzzle (50-100 Pieces),"50-to-100-piece puzzle independently. Strategy: edges first, then sort by colour, then connect sections.",Fine Motor,20–30,50-100 piece puzzle,4y9m–5y
Read Chapter Book (100 Pages),100-page chapter book independently over 1-2 weeks. Stamina + character memory + plot tracking.,Language & Communication,15–20,Age-appropriate chapter book,4y9m–5y
Write a Non-Fiction Report,"Choose a topic; write 4 paragraphs: introduction, 2 fact paragraphs, conclusion. Non-fiction structure.",Language & Communication,15–20,Pencil and paper + reference books,4y9m–5y
Debate: Argue Both Sides,"Argue FOR a position, then argue AGAINST it. Separating personal opinion from arguable position.",Language & Communication,10–15,None,4y9m–5y
Reading Comprehension Questions,"After reading, answer: 'Who? What? When? Where? Why? How?' All 6 questions, full sentence answers.",Language & Communication,10–15,Age-appropriate text,4y9m–5y
Vocabulary: Context Clues,Read a sentence with an unfamiliar word: 'What do you think it means from the context?' Inference from context.,Language & Communication,5–10,Text with unfamiliar word,4y9m–5y
Research and Present,Research one topic in books or supervised internet; present 3 facts to family with a drawn diagram. Information literacy.,Language & Communication,15–20,Reference books or supervised device + drawing materials,4y9m–5y
Write a Dialogue,"Write a conversation between two characters: correct speech marks, new speaker = new line. Dialogue conventions.",Language & Communication,10–15,Pencil and paper,4y9m–5y
Read a Simple Newspaper Article,Read a short article from a children's newspaper or magazine. Non-fiction reading with unfamiliar vocabulary.,Language & Communication,10–15,Children's newspaper or magazine,4y9m–5y
Times Tables (3 and 4),3x and 4x tables through grouping activities. Physical arrangement of 4 groups of 3 before abstract recitation.,Cognitive,5–10,Objects for grouping,4y9m–5y
Fractions on Number Line,"Place ½, ¼, ¾ on a number line. Fraction as a position -- not just a part of a whole.",Cognitive,5–10,Drawn number line 0 to 1,4y9m–5y
Perimeter (Simple Shape),Measure the distance around a rectangle by counting or measuring each side. Perimeter as 'fence around a garden.',Cognitive,5–10,"Ruler, simple rectangle",4y9m–5y
Food Chains,Sun → plant → caterpillar → bird → hawk. Draw and label a simple food chain. Energy transfer in ecosystems.,Cognitive,5–10,Drawing materials,4y9m–5y
States of Matter,"Solid, liquid, gas. Ice (solid) → water (liquid) → steam (gas). Observe the transitions. Scientific vocabulary.",Cognitive,10–15,"Ice, water, kettle (supervised)",4y9m–5y
Compass Directions,"N, S, E, W. Use a compass or remember: 'Never Eat Shredded Wheat.' Navigate outdoors using direction.",Cognitive,5–10,Compass (or drawn compass rose),4y9m–5y
Set Own Goals (Monthly),"At the start of a month, set 1 academic, 1 physical, 1 social goal. Review at month end: achieved? Why or why not?",Social-Emotional,10–15,None,4y9m–5y
Ask Adult for Help Appropriately,"Excuse me, I need some help with this when you have a moment.' Polite adult-addressing in a real context.",Social-Emotional,Ongoing,None,4y9m–5y
Digital Citizenship (Basics),What is personal information? What shouldn't you share online? Age-appropriate internet safety.,Social-Emotional,10–15,None,4y9m–5y
Manage Own Health Appointment,"Tell the doctor directly what hurts, where, and for how long. Patient self-reporting builds medical advocacy.",Social-Emotional,Ongoing,None,4y9m–5y
Celebrate Others Without Envy,When a friend or sibling achieves something: genuine celebration without resentment. This is a hard skill -- model it.,Social-Emotional,Ongoing,None,4y9m–5y
Read Facial Expressions (Photos),Look at photos of faces: name the emotion and what might have caused it. Facial decoding with context inference.,Social-Emotional,5–8,Photos or illustrated cards,4y9m–5y
Dissection (Fruit or Vegetable),"Dissect a vegetable (broccoli, cabbage) or fruit. Identify parts. Biology observation + vocabulary + fine motor.",Sensory,15–20,Vegetable/fruit + blunt knife,4y9m–5y
Build a Bridge (Engineering),"Build a bridge from paper that holds a weight. Test, identify failure point, redesign. Engineering design cycle.",Sensory,20–30,"Paper, tape, small weight",4y9m–5y
Night-Sky Observation,"Identify the moon phase, Venus, Jupiter if visible. Astronomy: systematic observation of the sky.",Sensory,10–15,None (outdoors at night),4y9m–5y
Paper Marbling,Oil + water in a tray + drops of ink or paint. Swirl and press paper. Transfer the pattern. Surprising and beautiful.,Sensory,15–20,"Oil, water, ink/paint, paper, tray",4y9m–5y
Sound Wave Experiment,Sprinkle salt on a drum surface (stretched cling film over bowl) and speak loudly near it. Watch salt vibrate. Sound = waves.,Sensory,10–15,"Cling film, bowl, salt",4y9m–5y
Personal Hygiene Independence,"Shower or bath completely independently: wash hair, soap all areas, dry off. Full body hygiene self-management.",Self-Care & Adaptive,15–20,Bathroom + toiletries,4y9m–5y
Laundry Contribution,"Sort clothes by colour, load them, set the wash. Understanding home management systems.",Self-Care & Adaptive,10–15,Laundry items,4y9m–5y
Team Sport with Strategy,Play a team sport with positional roles. 'What's the strategy? What position are you playing?',Gross Motor,20–30,Team sport equipment,5y–5y3m
Swim with Breathing Technique,Bilateral breathing in freestyle or any stroke over 25 m. Rhythmic breathing is the most demanding swimming element.,Gross Motor,15–20,Swimming pool,5y–5y3m
Cycling Route Planning,"Plan and cycle a route from memory: 'We go left at the tree, then right at the gate.' Navigation + cycling combined.",Gross Motor,15–20,Bicycle,5y–5y3m
Gymnastics Sequence (5 Elements),"5-element gymnastics sequence: roll, cartwheel, balance, jump, bridge. Memory + execution + transition.",Gross Motor,10–15,Soft surface,5y–5y3m
Jump Rope (Double Dutch Attempt),Attempt to jump between two turning ropes. Timing two inputs simultaneously = complex visual-motor integration.,Gross Motor,10–15,Two jump ropes,5y–5y3m
Rock Climbing (Bouldering),"Indoor bouldering: read the route, plan the moves, execute. Spatial problem-solving + full-body motor control.",Gross Motor,20–30,Bouldering wall or climbing frame,5y–5y3m
Sprint with Technique (Arms),"Run with correct arm action: 90° elbow, drive back (not cross). Technique improvement = physical literacy.",Gross Motor,5–10,Open space,5y–5y3m
Relay Race Strategy,In a relay: 'Where should I stand? When do I reach for the baton?' Positional thinking in team sport.,Gross Motor,15–20,Open space + baton,5y–5y3m
Write a Story (Full Structure),"600-word story: opening, build-up, problem, resolution, ending. Full narrative structure with character development.",Fine Motor,20–30,Pencil and paper,5y–5y3m
Technical Drawing (Ruler + Pencil),Draw the front and side view of a box using a ruler. Technical drawing requires precision + spatial reasoning.,Fine Motor,15–20,"Pencil, ruler, paper",5y–5y3m
Build Electronic Kit,"Simple electronics kit: traffic light, sound circuit. Read the instructions and build. Engineering literacy.",Fine Motor,20–30,Simple electronic kit,5y–5y3m
Engraving (Foil),Press designs into kitchen foil with a blunt pencil. The material yields beautifully to pressure -- force calibration.,Fine Motor,10–15,"Kitchen foil, cardboard backing, blunt pencil",5y–5y3m
Detailed Nature Drawing,Draw an insect or plant in close detail using observation. Scientific illustration requires sustained fine motor and attention.,Fine Motor,15–20,Drawing materials + specimen,5y–5y3m
Architectural Model,Build a model of a room or building from cardboard. Scale and proportion thinking.,Fine Motor,20–30,"Cardboard, ruler, scissors, tape",5y–5y3m
Read Chapter Book (200+ Pages),"200-page novel over 2-3 weeks. Complex plot, multiple characters, sustained memory across sessions.",Language & Communication,15–20,Age-appropriate novel,5y–5y3m
Write an Argument,"Write 4 paragraphs: introduction + claim, argument 1 + evidence, argument 2 + evidence, conclusion. Persuasive structure.",Language & Communication,15–20,Pencil and paper,5y–5y3m
Understand Subtext,The character says they're fine. But what does the author want us to understand they're really feeling?' Subtext reading.,Language & Communication,5–10,Story extract,5y–5y3m
Reported Speech,Direct vs reported speech format Direct and reported speech -- a significant grammar distinction.,Language & Communication,5–10,Any conversation or story,5y–5y3m
Prefix and Suffix,"Un-, re-, pre-, -ful, -less, -ness. How does adding a prefix or suffix change a word's meaning?",Language & Communication,5–8,None,5y–5y3m
Research Project (Multi-Source),Use 3 different sources (books) to research a topic. Compare what each says -- sources may differ. Critical research.,Language & Communication,20–30,Multiple reference books,5y–5y3m
Write a Newspaper,"Create a 2-page newspaper: headline story, sport report, weather, comic strip. Multiple text types in one project.",Language & Communication,20–30,"Pencil, paper, ruler",5y–5y3m
Grammar: Clauses and Phrases,The dog ran' is a clause. 'In the garden' is a phrase. Identify in sentences. Formal grammar awareness.,Language & Communication,5–10,Printed sentences,5y–5y3m
"Times Tables (6, 7, 8)","6x, 7x, 8x -- the most difficult tables. Songs, physical arrangements, and chanting all help. Repetition over time.",Cognitive,5–10,None,5y–5y3m
Long Multiplication (2-Digit × 1-Digit),23 × 4 using the grid method: 20×4 + 3×4. Breaking a large multiplication into parts -- distributive property.,Cognitive,5–10,Pencil and paper,5y–5y3m
Bar Graph Creation,"Gather data (family preferences), create a bar graph, and write 3 conclusions. Data literacy with self-generated data.",Cognitive,10–15,"Pencil, paper, ruler",5y–5y3m
Earth and Solar System,Name 8 planets in order from the sun. 'My Very Educated Mother Just Served Us Nachos.' Scale comparison.,Cognitive,5–10,None,5y–5y3m
Angles Introduction,Right angle (90°): spot them in the room. Acute and obtuse angles. Geometry vocabulary before protractors.,Cognitive,5–8,None,5y–5y3m
Biography Reading and Discussion,Read a short biography of a historical figure. 'What challenges did they face? What can we learn from them?',Cognitive,10–15,Short biography,5y–5y3m
Manage Multiple Responsibilities,"Handle 3 concurrent responsibilities: homework, chore, and personal care. Executive function: prioritise and sequence.",Social-Emotional,Ongoing,None,5y–5y3m
Resolve Conflict Without Adult,"When a peer conflict arises at home, attempt resolution without adult mediation. Debrief after: what did you try?",Social-Emotional,Ongoing,None,5y–5y3m
Understand Another's Perspective Fully,"Tell me the whole story from their point of view -- not yours.' Full perspective-taking, not just awareness of difference.",Social-Emotional,5–10,None,5y–5y3m
Build Resilience from Failure,After a genuine failure: 'What happened? What did you learn? What will you try next time?' Growth mindset practice.,Social-Emotional,5–10,None,5y–5y3m
Manage Screen Time (Self-Regulated),Set own screen time limits for a week; track usage; review: 'Did I stick to it? How did it feel?' Self-regulation of technology.,Social-Emotional,Ongoing,None,5y–5y3m
Understand Misinformation Basics,How do you know that's true? Where did you hear it? Is it always the whole story?' Media literacy beginning.,Social-Emotional,5–10,News item or claim to examine,5y–5y3m
Astronomy Observation Journal,Observe and draw the moon every 3 nights for a month. Full lunar cycle observation builds pattern recognition.,Sensory,5–10,Drawing journal + pen,5y–5y3m
Build a Compost Bin,"Start a small compost from kitchen waste. Biology: decomposition, food webs, natural cycles.",Sensory,Ongoing,"Container, kitchen waste",5y–5y3m
Photography Project,Use a phone or camera: take 10 photos with a chosen theme. Composition awareness + visual literacy.,Sensory,10–15,Camera or phone,5y–5y3m
Fermentation Observation,Mix yeast + sugar + warm water and observe bubbles. Microorganism activity as a science phenomenon.,Sensory,10–15,"Yeast, sugar, warm water, balloon",5y–5y3m
Architecture Observation Walk,"Walk around local buildings: note arches, columns, windows, patterns. Built environment as sensory + aesthetic exploration.",Sensory,20–30,None (outdoors),5y–5y3m
Plan and Cook a Meal (Menu to Table),"Choose a recipe, write a shopping list, shop with adult, prepare and serve. Full food chain participation.",Self-Care & Adaptive,30–45,"Ingredients, kitchen tools",5y–5y3m
Navigate Independently (Short Trip),Walk or cycle a known short route (park and back) independently or with peers -- no adult accompaniment.,Self-Care & Adaptive,15–20,None,5y–5y3m
Orienteering (Garden or Park),Follow a simple map to find 5 hidden points in a garden or park. Navigation + map reading + fitness combined.,Gross Motor,20–30,"Hand-drawn map, marked points",5y3m–5y6m
Batting (Cricket or Rounders),"Hit a bowled or tossed ball with a bat. Tracking, timing, and swing plane all coordinating.",Gross Motor,10–15,Bat and ball,5y3m–5y6m
Swim Backstroke 10m,Backstroke: arms alternating overhead while kicking on back. Different body position = new spatial challenge.,Gross Motor,15–20,Swimming pool,5y3m–5y6m
Handstand (Wall-Assisted),Kick up to handstand against a wall; hold 3 seconds. Full inversion + weight-bearing through arms.,Gross Motor,5–10,Clear wall,5y3m–5y6m
Sprint Start (3-Point),Start from a 3-point stance on signal. Sports start = explosive reaction + acceleration + body position combined.,Gross Motor,5–8,Open space,5y3m–5y6m
Bicycle: Hill Climb,"Ride up a gentle slope. Hill cycling requires gear shifting (if applicable), sustained effort, and balance at low speed.",Gross Motor,10–15,Bicycle + hill,5y3m–5y6m
Ball Control (Feet and Knees),"Keep a football in the air using feet, knees, chest. Juggling control is advanced ball mastery.",Gross Motor,10–15,Football or large ball,5y3m–5y6m
Play Tag (Variant: Freeze Tag),"Freeze tag: tag someone, they freeze until unfrozen by another. Spatial awareness + social coordination + motor speed.",Gross Motor,10–15,Open space + players,5y3m–5y6m
Write a Story (800 Words),"800-word story with dialogue, descriptive language, and a clear story arc. Word count should be a target, not a ceiling.",Fine Motor,20–30,Pencil and paper,5y3m–5y6m
Make a Zine,"Fold a single A4 sheet into an 8-page booklet. Create a mini-magazine: articles, illustrations, cover, contents page.",Fine Motor,15–20,"A4 paper, scissors, pens",5y3m–5y6m
Scale Drawing,Draw a room to scale (1 cm = 50 cm). Measurement + proportion + spatial representation.,Fine Motor,15–20,"Ruler, pencil, graph paper",5y3m–5y6m
Complex Origami (10+ Folds),Origami crane or frog: 10+ folds requiring spatial planning and precise crease alignment.,Fine Motor,20–30,Square paper,5y3m–5y6m
Build a Simple Catapult,"Craft sticks, rubber bands, plastic spoon. Load, aim, fire. Engineering: force, trajectory, adjustment.",Fine Motor,15–20,"Craft sticks, rubber bands, spoon, tape",5y3m–5y6m
Batik (Simple Wax Resist),"Apply wax to fabric, dye it, remove wax. The resist print is unpredictable and beautiful. Textile science.",Fine Motor,20–30,"Candle wax, fabric, dye (food colouring), hot water",5y3m–5y6m
Read Novel (300+ Pages),A 300-page novel at reading level. Complex character development + sustained reading stamina + literary discussion.,Language & Communication,20–30,Age-appropriate novel,5y3m–5y6m
Write a Book Report,"Summarise: title, author, main characters, plot, your opinion and why. Non-fiction analytical writing about fiction.",Language & Communication,15–20,Novel read + pencil and paper,5y3m–5y6m
Vocabulary: Word Roots (Latin/Greek),"Bio = life, graph = write, tele = far, phon = sound. Root knowledge unlocks unknown word meanings. 5 roots per week.",Language & Communication,5–10,None,5y3m–5y6m
Debate (Formal Structure),"2-minute opening argument, 1-minute rebuttal, 1-minute closing. Formal debate structure teaches evidence and logic.",Language & Communication,15–20,None,5y3m–5y6m
Write a Script,"Write a short play: character list, scene directions, dialogue. Script format is a distinct text type.",Language & Communication,15–20,Pencil and paper,5y3m–5y6m
Analyse a Poem,"Read a poem: identify the theme, one poetic device, and what line you found most powerful and why.",Language & Communication,10–15,Poem (any short poem),5y3m–5y6m
Edit Own Writing,"Write a paragraph, leave it, return next day, and improve it. Editing = reading critically and rewriting, not just correcting.",Language & Communication,15–20,Pencil and paper,5y3m–5y6m
Persuasive Speech (3 Minutes),"Prepare and deliver a 3-minute persuasive speech on a chosen topic. Introduction, 3 arguments, conclusion, call to action.",Language & Communication,20–30,None,5y3m–5y6m
"Times Tables (9, 10, 11, 12)",Complete the 12x12 multiplication grid. All tables known reliably: begin exploring patterns (9x = digit sum is 9).,Cognitive,5–10,Pencil and paper,5y3m–5y6m
Long Division (2-Digit Dividend),48 ÷ 4 = 12. The conceptual step: how many groups of 4 in 48? Grouping before the algorithm.,Cognitive,5–10,Pencil and paper,5y3m–5y6m
Decimals Introduction,"Tenths: 0.1, 0.5, 0.7. A decimal is a fraction with 10 in the denominator. Concrete representation with 10 blocks.",Cognitive,5–10,10 uniform objects + whole,5y3m–5y6m
Classify Rocks (3 Types),"Igneous, sedimentary, metamorphic. Find 3 rock types outdoors; identify key features of each.",Cognitive,10–15,Rock samples (collected outdoors),5y3m–5y6m
History: Timeline Project,Create a timeline of a chosen period with 8+ dated events. Chronological thinking + historical knowledge combined.,Cognitive,15–20,"Paper, ruler, reference book",5y3m–5y6m
Logic Puzzles (Grid),A 4x4 logic grid puzzle: deduce which person has which attribute. Systematic elimination = logical reasoning.,Cognitive,15–20,Logic puzzle (printable or drawn),5y3m–5y6m
Manage Time for a Project,"Given a 5-day project deadline, plan the work across 5 days without being told when to do each step.",Social-Emotional,Ongoing,None,5y3m–5y6m
Give Constructive Feedback,I liked… but one thing that could be even better is…' Structured feedback that's honest AND kind.,Social-Emotional,5–10,None,5y3m–5y6m
Handle Criticism Gracefully,"When given negative feedback: listen fully, ask one question, thank them. Receiving criticism is a learnable skill.",Social-Emotional,Ongoing,None,5y3m–5y6m
Advocate for Someone Else,My friend was upset about what happened. I wanted to say something on their behalf.' Ally behaviour.,Social-Emotional,Ongoing,None,5y3m–5y6m
Peer Mediation,Help two friends resolve a conflict they're having. Third-party mediation requires neutrality and listening.,Social-Emotional,10–15,None,5y3m–5y6m
Discuss a Moral Dilemma,"If you found a wallet full of money with no ID, what would you do?' Moral reasoning without a single right answer.",Social-Emotional,5–10,None,5y3m–5y6m
Tie-Dye (Fold and Bind),"Rubber band a white cloth in patterns, submerge in colour (food dye). Pattern control + colour science + patience.",Sensory,20–30,"White fabric, rubber bands, food dye, water",5y3m–5y6m
Candle-Making (Supervised),"Melt wax, pour into a mould, insert wick. Supervised heat + transformation science + fine motor.",Sensory,20–30,"Wax (old candles), wick, container",5y3m–5y6m
Build a Periscope,Mirrors at 45-degree angles in a tube: see around corners. Optics: angles of reflection.,Sensory,15–20,"Cardboard tube, two small mirrors, tape",5y3m–5y6m
Clay Kiln Pit Fire (Outdoors),Shape clay pots; fire them in a pit fire (with adult supervision). Ancient technology + science of ceramic transformation.,Sensory,30–45,"Air-dry clay, outdoor fire (supervised)",5y3m–5y6m
Acoustic Science (String Phone),Two cups connected by a taut string. Sound travels through the string: demonstrate vibration as a medium of sound.,Sensory,10–15,"Two cups, string",5y3m–5y6m
Manage Own Study Schedule,"Plan a weekly study schedule independently. What to revise, when, for how long. Executive function for academic contexts.",Self-Care & Adaptive,10–15,Paper + calendar,5y3m–5y6m
First Solo Public Transaction,"Enter a shop, choose an item, pay, check change, thank the cashier: alone. Real-world social-financial independence.",Self-Care & Adaptive,10–15,Money for a small purchase,5y3m–5y6m
Badminton (Basic Rallying),Rally a shuttlecock back and forth. Eye-hand coordination + fast visual tracking + footwork combined.,Gross Motor,10–15,Badminton rackets + shuttlecock (or improvised),5y6m–5y9m
Handstand Walk (1–2 Steps),"From wall-handstand, try 1–2 hand-steps away from wall. Weight shift in full inversion = exceptional balance demand.",Gross Motor,5–8,Clear wall,5y6m–5y9m
Swim 50 Metres (Various Strokes),50-metre swim using 2 different strokes. Stroke transition demonstrates fluid motor switching.,Gross Motor,15–20,Swimming pool,5y6m–5y9m
Bicycle Long Distance (5 km),"Cycle 5 km on a chosen route. Stamina, navigation, and sustained attention across 20–30 minutes.",Gross Motor,20–30,Bicycle,5y6m–5y9m
Cricket Bowling (Basic),Overarm bowling at a target (stump or cone). Run-up + release + follow-through = full-body coordination in sequence.,Gross Motor,10–15,Ball + target,5y6m–5y9m
Gymnastics Beam (Low),"Walk, turn, pose on a low beam. Balance in one plane while planning movement = gymnastic spatial reasoning.",Gross Motor,10–15,Low beam or plank (10 cm high),5y6m–5y9m
Archery (Simple),"Simple rubber-band bow and arrow or a commercial safety set. Aim, hold breath, release. Fine + gross combined.",Gross Motor,10–15,Simple bow and arrows (safe set),5y6m–5y9m
Frisbee Accurate Throw,Throw a frisbee so it lands in a target area 10 m away. Wrist flip + horizontal plane release = distinct motor skill.,Gross Motor,10–15,Frisbee,5y6m–5y9m
Write a Short Story Collection,3 short stories (200 words each) with a connecting theme. Organisation + variety within a unified project.,Fine Motor,20–30,Pencil and paper,5y6m–5y9m
Macrame (Simple Knots),Square knot and half-hitch repeatedly to make a small wall piece or bracelet. Pattern knotting = fine motor + sequencing.,Fine Motor,20–30,Macrame cord or thick string,5y6m–5y9m
Perspective Drawing (Vanishing Point),One-point perspective: a road or corridor disappearing to a single point on the horizon. Geometry through art.,Fine Motor,15–20,"Pencil, ruler, paper",5y6m–5y9m
Build a Hydraulic Arm,Syringes filled with water and connected by tubing. Hydraulic pressure lifts a load. Engineering + fluid physics.,Fine Motor,20–30,"Syringes, tubing, card, tape",5y6m–5y9m
Scratch Coding (First Project),"Program a character to move, make a sound, and respond to a key press. Three functions in one project = logic thinking.",Fine Motor,15–20,Computer with Scratch (scratch.mit.edu),5y6m–5y9m
Print-Making (Lino Cut Simple),Carve a simple design into a soft block and print. Carving subtracts; printing reveals: two-stage craft thinking.,Fine Motor,20–30,"Soft lino or polystyrene, blunt carving tool, paint",5y6m–5y9m
Read a Novel Series,Two books in a series. Tracking character development across books = long-form narrative memory.,Language & Communication,20–30,Novel series (2 books),5y6m–5y9m
Write a Scene from Another Perspective,Retell a chapter from a book from a different character's point of view. Perspective-taking through creative writing.,Language & Communication,15–20,Pencil and paper + familiar book,5y6m–5y9m
Homophone and Homonym Work,"Their/there/they're, to/too/two, affect/effect. Context determines the correct form. Language precision.",Language & Communication,5–10,None,5y6m–5y9m
Interview and Transcribe,Interview a family member for 5 minutes; transcribe key quotes. Journalism skill: listening + note-taking + selection.,Language & Communication,15–20,Paper for notes or recording device,5y6m–5y9m
Read and Review a Film,"Watch a film; write a 200-word review: plot summary, best element, weakest element, rating. Critical media literacy.",Language & Communication,15–20,Paper and pencil,5y6m–5y9m
Word Etymology Project,"Choose 5 unusual words and find their origins. Etymology shows language as a living, evolving system.",Language & Communication,10–15,Dictionary or etymology book,5y6m–5y9m
Write an Acrostic Poem,Write a poem where the first letter of each line spells a word. Constraint-based creativity = high linguistic challenge.,Language & Communication,10–15,Pencil and paper,5y6m–5y9m
Comprehension of Inference,Read a passage and answer: 'The text says X. What does that suggest about Y?' Implicit meaning = deep comprehension.,Language & Communication,10–15,Any passage with inferrable subtext,5y6m–5y9m
Percentages (Introduction),50% = half. 25% = quarter. 10% = one tenth. Percentage as a fraction of 100: connect to known fraction knowledge.,Cognitive,5–10,Objects to split into 100 or 10,5y6m–5y9m
Negative Numbers,"Numbers below zero: temperature, floors below ground, money owed. Number line extended below zero.",Cognitive,5–8,Extended number line drawn on paper,5y6m–5y9m
Area of Rectangle,Length × width. Find the area of 5 household objects. Area as 'how many squares fill this shape.',Cognitive,5–10,"Ruler, paper for recording",5y6m–5y9m
Electricity and Magnetism,Electromagnet: coil wire around a nail + battery = magnet. What does it attract? Science + engineering combined.,Cognitive,15–20,"Wire, nail, battery",5y6m–5y9m
Human Body Systems,"Skeleton, muscles, heart, lungs. Draw and label each system. How do systems work together?",Cognitive,10–15,Paper and coloured pens,5y6m–5y9m
Probability (Simple),"Flip a coin 20 times: predict, then compare results. Experimental probability vs theoretical probability.",Cognitive,10–15,Coin + tally chart,5y6m–5y9m
Recognise Unhealthy Relationships,What would make a friendship unhealthy? What would you do if that happened?' Protective relationship literacy.,Social-Emotional,10–15,None,5y6m–5y9m
Practice Saying No,"Role-play scenarios where saying no is the right answer. 'No thank you', 'I don't want to do that', 'I'm leaving now.'",Social-Emotional,5–10,None,5y6m–5y9m
Manage Academic Pressure,What does it feel like when you're worried about doing badly? What helps?' Anxiety about performance is real and needs a name.,Social-Emotional,5–10,None,5y6m–5y9m
Digital Empathy,Would you say this in person? How might they feel reading it?' Online communication carries the same emotional weight.,Social-Emotional,5–10,None,5y6m–5y9m
Gratitude Journal (Daily),"Write or draw 3 things you're grateful for, every day for 2 weeks. Sustained gratitude practice changes mood baseline.",Social-Emotional,3–5,Journal + pencil,5y6m–5y9m
Cultural Exchange Meal,Cook and eat a meal from a culture your family isn't from. Research the dish + cooking + context conversation.,Social-Emotional,30–45,Ingredients for chosen recipe,5y6m–5y9m
Optical Illusion Art,Draw Escher-inspired impossible shapes or trompe l'oeil. Visual perception + spatial reasoning + fine motor combined.,Sensory,20–30,"Pencil, ruler, paper",5y6m–5y9m
Fossil Making (Clay Impression),"Press shells, leaves, or bones into clay; let dry. The impression is exactly how real fossils form. Palaeontology concept.",Sensory,15–20,"Clay, shells or leaves",5y6m–5y9m
Make a Weather Station,"Thermometer, rain gauge (marked container), wind direction vane (card + pin). Record daily for 2 weeks.",Sensory,20–30,"Containers, ruler, card, pin",5y6m–5y9m
Sound Science (Frequency and Pitch),Partially fill glasses with water at different levels; tap each. More water = lower pitch. Frequency + resonance explained.,Sensory,10–15,"Glasses, water, spoon",5y6m–5y9m
Dissect a Squid or Chicken Wing,"Supervised dissection of a squid (from market) or chicken wing. Identify tendons, cartilage, muscle. Real biology.",Sensory,15–20,"Squid or chicken wing, disposable gloves",5y6m–5y9m
Plan a Fundraiser (Concept),"Choose a cause; plan a simple fundraiser: what, for whom, how much to raise, how to tell people. Civic planning.",Self-Care & Adaptive,15–20,Paper for planning,5y6m–5y9m
Travel Independently (Short Route),Public transport or walk for a familiar route without adult. Route knowledge + safety + agency growing together.,Self-Care & Adaptive,15–20,Transport money if needed,5y6m–5y9m
Football (Positional Play),Understand and play a position in a simple football match. Reading the game spatially is as important as individual skill.,Gross Motor,20–30,Football + players,5y9m–6y
Swimming Race (Competitive),Race against another person or own previous time. Performance awareness + competitive experience in a safe context.,Gross Motor,15–20,Swimming pool,5y9m–6y
Bicycle Navigation (2 km),"Navigate a 2-km route from memory or a simple map, independently or with a peer.",Gross Motor,15–20,Bicycle + route map,5y9m–6y
Rock Climbing (Top-Rope),Supervised rock climbing on a wall or crag. Reading the route + executing the movement + trusting the equipment.,Gross Motor,20–30,Climbing wall + instructor,5y9m–6y
"Trampoline (Seat Drop, Back Drop)",Seat drop and back drop on a trampoline (supervised). Full inversion trust + controlled landing on novel body part.,Gross Motor,10–15,Trampoline (supervised),5y9m–6y
Tennis (Forehand and Backhand),Rally with forehand and backhand groundstrokes. Switching grip and swing direction is a bilateral motor distinction.,Gross Motor,10–15,Tennis racket and ball (or improvised),5y9m–6y
Sprint Technique (Full Sprint Mechanics),"Arms, legs, lean, breathing: all coordinated in a maximal effort sprint. Physical literacy = understanding your own body.",Gross Motor,5–10,Open space,5y9m–6y
Cricket Batting (Against Moving Ball),"Bat against a bowled delivery with proper stance, backlift, and follow-through.",Gross Motor,10–15,Cricket bat and ball,5y9m–6y
Write a Personal Essay (I Believe...),I believe that…': 500-word personal essay arguing a position from own experience. Opinion + narrative combined.,Fine Motor,20–30,Pencil and paper,5y9m–6y
Woodworking (Simple Joint),"Under supervision: saw, sand, and glue or nail a simple joint. Real tool use + material understanding.",Fine Motor,20–30,"Soft wood, hand saw, sandpaper, nails or glue",5y9m–6y
Make an Animated Flip Book,"Draw 30 frames of a moving image. Animation principles: timing, squash, stretch, arcs.",Fine Motor,15–20,Blank booklet or stapled paper + pencil,5y9m–6y
Sew a Simple Cushion Cover,"Measure, cut, pin, sew three sides, stuff, sew fourth side. A complete sewing project from start to finish.",Fine Motor,20–30,"Fabric, needle, thread, stuffing",5y9m–6y
Programme a Simple App (Scratch),"A fully functional quiz or animation with at least 3 scenes and user input. Logic, sequence, and debugging combined.",Fine Motor,20–30,Computer with Scratch,5y9m–6y
Cast Plaster into Mould,Pour plaster into a mould; wait; remove. Casting + material science: liquid becomes solid as crystals form.,Fine Motor,15–20,"Plaster of Paris, mould (clay or plastic)",5y9m–6y
Read a Classic Novel (Adapted),"Adapted classic: Treasure Island, Alice in Wonderland, 20,000 Leagues. Literature with historical and cultural context.",Language & Communication,20–30,Adapted classic novel,5y9m–6y
Write a Biography,Write a 400-word biography of a person they admire. Chronological structure + factual writing + sourcing.,Language & Communication,20–30,Reference material + pencil and paper,5y9m–6y
Précis Writing,"Reduce a 200-word passage to 60 words, keeping all key points. Compression + selection = advanced literacy.",Language & Communication,15–20,200-word passage + pencil and paper,5y9m–6y
Grammar: Active and Passive Voice,The dog bit the man' vs 'The man was bitten by the dog.' Transform 5 sentences between voices.,Language & Communication,5–10,Printed sentences,5y9m–6y
Read Poetry Aloud (Performance),Memorise a short poem and perform it with expression to an audience. Oral language + memory + performance.,Language & Communication,10–15,Short poem,5y9m–6y
Analyse a News Article,"Author, publication, date, claim, evidence given, potential bias. Critical news literacy: 5-question analysis.",Language & Communication,10–15,Current news article,5y9m–6y
Write a Story from a Prompt,Open prompt: 'The door appeared overnight where there had never been a door.' Free creative writing from constraint.,Language & Communication,15–20,Pencil and paper,5y9m–6y
Homage Writing,Write a story in the style of a favourite author. Style analysis + imitation = advanced literary understanding.,Language & Communication,15–20,Pencil and paper + chosen author's book,5y9m–6y
Long Division (3-Digit Dividend),"256 ÷ 8 = 32. Place-value understanding applied to division. Estimate first, then calculate, then check.",Cognitive,5–10,Pencil and paper,5y9m–6y
Algebra Introduction (Missing Number),4 + x = 9. What is x? Unknown number in a known relationship. Algebra as a 'find the missing piece' problem.,Cognitive,5–10,Pencil and paper,5y9m–6y
Geometry: Area and Perimeter,Both for the same shape. Why are they different? Distinguish the two concepts concretely before abstractly.,Cognitive,5–10,Ruler and simple shapes drawn on paper,5y9m–6y
Human Geography (Population),Why do most people live near rivers and coasts? Map evidence + reasoning about human patterns.,Cognitive,10–15,Simple world map,5y9m–6y
Chemical Change vs Physical Change,Burning = chemical. Cutting = physical. Test 5 household processes and classify. Observable evidence of change.,Cognitive,10–15,"Candle, apple, water, paper",5y9m–6y
Hypothesis and Test (Scientific Method),Write a formal hypothesis: 'I think X will happen because Y.' Test it. Write results and conclusion. Science protocol.,Cognitive,15–20,Any testable household experiment,5y9m–6y
Understand Social Norms and Pressures,What do you do when your friends want you to do something you're uncomfortable with?' Social pressure navigation.,Social-Emotional,5–10,None,5y9m–6y
Empathy for Difference,Tell me about someone at school who is very different from you. What might their life be like?' Imaginative empathy.,Social-Emotional,5–10,None,5y9m–6y
Manage Own Mental Health,What are 3 things you do when you're feeling low? What works best?' Personal mental health toolkit building.,Social-Emotional,5–10,None,5y9m–6y
Understand Consent,What does it mean for something to be OK with everyone involved?' Age-appropriate consent framing for all contexts.,Social-Emotional,5–10,None,5y9m–6y
Handle Exclusion Constructively,"When you were left out, what did you do? What else could you have done?' Exclusion is universal and manageable.",Social-Emotional,5–10,None,5y9m–6y
Be the Honest Friend,Would you tell your friend if they had spinach in their teeth? What about something bigger?' Kindness + honesty.,Social-Emotional,5–10,None,5y9m–6y
Astronomy: Scale Model,Build a scale model of the solar system outdoors. The distances are more powerful than any diagram. Science + awe.,Sensory,20–30,"Balls of varied sizes, outdoor space",5y9m–6y
Brewing Kombucha or Kefir (Supervised),Fermented drink making. Living cultures + nutrition science + patience. Biology you can taste.,Sensory,Ongoing,"Starter culture, tea/milk, jar",5y9m–6y
Pressure and Force Experiment,Bed of nails principle: one nail vs many nails. Pressure = force/area. Demonstrate with a balloon on a nail board.,Sensory,10–15,"Balloons, nails in a board (adult-made)",5y9m–6y
Dyeing with Natural Plants,"Onion skins, turmeric, woad. Plant-based dyes on fabric. Chemistry of natural colour in a sensory-rich process.",Sensory,20–30,"Onion skins/turmeric, fabric, water, pot",5y9m–6y
Micro-Gardening (Sprouts),Grow bean or lentil sprouts in a jar with mesh lid. Harvest in 3–5 days. Speed of growth makes observation immediate.,Sensory,Ongoing,"Jar, mesh lid, seeds (lentils or mung beans)",5y9m–6y
Manage Own Calendar for a Week,"Write all commitments, deadlines, and personal time into a weekly planner independently.",Self-Care & Adaptive,5–10,Blank weekly planner,5y9m–6y
Emergency Preparedness,"Know the emergency number (112 in India), when to call, what to say. Practise the call script with a parent.",Self-Care & Adaptive,5–10,None,5y9m–6y
Organise a Sports Game,"Plan a game for 4+ players: explain rules, assign roles, referee the first 5 minutes. Leadership + organisation.",Gross Motor,20–30,Sports equipment of choice,6y–6y3m
Swim a Full Length (Technique),"25 m with correct technique: head position, arm pull, kick rhythm. Technical swimming, not just distance.",Gross Motor,15–20,Swimming pool,6y–6y3m
Cycling on a Route (Planning),"Plan a 5-km route, identify landmarks for navigation, execute it. Cartography + cycling + independence.",Gross Motor,20–30,Bicycle + map (hand-drawn or printed),6y–6y3m
Track and Field: Jumping Event,"High jump (scissor technique) or long jump. Technique before distance: approach, take-off, landing.",Gross Motor,10–15,Measuring tape + soft landing surface,6y–6y3m
Skateboard Basic Tricks,"Ollie attempt, kick turn, riding fakie. Skateboarding is a self-directed learning model: watch, try, fail, adjust.",Gross Motor,10–15,Skateboard (supervised),6y–6y3m
Martial Arts (Basic),"Basic stance, block, strike: even in a single lesson or from a video. Discipline + body control + respect.",Gross Motor,15–20,None (or video demonstration),6y–6y3m
Dance: Choreograph 32 Counts,Choreograph a 32-count sequence to chosen music. Creative composition + timing + memory.,Gross Motor,15–20,Music,6y–6y3m
Archery (Aiming and Consistency),3 arrows at a target: how consistent is the grouping? Deliberate practice: aim for consistency before accuracy.,Gross Motor,10–15,Simple bow and safe arrows + target,6y–6y3m
"Novel (First Draft, 1000 Words)",Write the first 1000 words of a longer story. Sustaining a narrative over time without finishing it: beginning.,Fine Motor,20–30,Pencil and paper,6y–6y3m
Mosaic Tile Grouting,Place small tiles on cement board; apply and wipe grout. Real mosaic-making technique + sensory experience.,Fine Motor,20–30,"Tiles, adhesive, grout, board",6y–6y3m
Paper Airplanes: Aerodynamics,Build 5 different designs and test each. Record flight time and distance. Which design flies furthest? Why?,Fine Motor,15–20,"Paper, pencil, tape measure",6y–6y3m
Sew a Stuffed Animal,"Design, cut, pin, sew, stuff, and close a small stuffed animal from scratch. Complete sewing project.",Fine Motor,20–30,"Fabric, needle, thread, stuffing, scissors",6y–6y3m
Digital Art (Drawing App),Create a scene or character in a drawing app. Digital tools have different affordances from analogue: explore them.,Fine Motor,15–20,Tablet or phone + drawing app,6y–6y3m
Leather Tooling (Bookmark),"Stamp a pattern into wet leather using a tool. Leatherwork is ancient, tactile, and produces lasting objects.",Fine Motor,20–30,"Leather offcut, tooling tools (or nail + hammer)",6y–6y3m
Read a Non-Fiction Book (Full),Full non-fiction book on a topic of choice. Note-taking while reading: extract key facts and questions.,Language & Communication,20–30,Non-fiction book of choice,6y–6y3m
Write a Fairy Tale (With Subversion),"Traditional fairy tale with a twist: the villain wins, the hero fails, the ending is ambiguous. Genre subversion.",Language & Communication,20–30,Pencil and paper,6y–6y3m
Punctuation: Colon and Semicolon,Colon introduces a list or explanation; semicolon joins two related clauses. Identify in texts; use in own writing.,Language & Communication,5–10,Printed text + pencil and paper,6y–6y3m
Compound-Complex Sentences,"Although she was tired, she finished her work, and then she slept.' Subordinate + coordinate clauses combined.",Language & Communication,5–10,Pencil and paper,6y–6y3m
Write a Song,"Verse-chorus structure, 4 lines per section, end rhyme or near-rhyme. Setting own words to a simple self-composed melody.",Language & Communication,15–20,Pencil and paper,6y–6y3m
Critical Reading (Author's Purpose),Why did the author write this? Who is the intended audience? What do they want you to believe?' Critical literacy.,Language & Communication,10–15,Any persuasive text,6y–6y3m
Start a Reading Journal,"After each chapter: one event you remember, one thing you're wondering, one connection to your life.",Language & Communication,5–10,Journal + pencil,6y–6y3m
Descriptive Writing (Senses Only),Describe a place using only sensory details: no adjectives like 'nice' or 'good.' Specific sensory language.,Language & Communication,10–15,Pencil and paper + a chosen place,6y–6y3m
Percentages of Amounts,"20% of 50 = 10. Find 10%, then double. Percentages in real contexts: sale price, tip, score.",Cognitive,5–10,Pencil and paper,6y–6y3m
Roman Numerals,"I, V, X, L, C, D, M. Read and write years in Roman numerals. Historical + mathematical literacy.",Cognitive,5–8,None,6y–6y3m
Surface Area (Cube),Unfold a cube: how many faces? Each face's area × 6. Net of a 3D shape is spatial reasoning.,Cognitive,5–10,"Paper, scissors, ruler",6y–6y3m
Economics: Supply and Demand,"If there's lots of something, the price goes down. If there's little, it goes up. Real-world example: market visit.",Cognitive,10–15,None (or market visit),6y–6y3m
The Scientific Method (Full Cycle),Question → Research → Hypothesis → Experiment → Analyse → Conclude → Report. Run a full cycle on one question.,Cognitive,20–30,Experiment materials (chosen by child),6y–6y3m
Human Rights (5 Basic),Name 5 universal human rights and give a real example of each. Rights as a concept before civics education.,Cognitive,5–10,None,6y–6y3m
Self-Assess Academic Work,Grade your own work before seeing an adult's assessment. Where did your assessment and theirs differ? Why?,Social-Emotional,10–15,Own piece of work,6y–6y3m
Manage Long-Term Projects,A project with a 2-week deadline: plan backwards from deadline to identify daily/weekly tasks.,Social-Emotional,Ongoing,None,6y–6y3m
Cross-Cultural Friendship,"Actively build a friendship with someone from a different background, city, or school. Intentional social expansion.",Social-Emotional,Ongoing,None,6y–6y3m
Compassion vs Pity,What's the difference between feeling sorry for someone and actually helping them?' Compassion as active.,Social-Emotional,5–10,None,6y–6y3m
Handle a Public Mistake,"When you get something wrong in front of others: stay calm, acknowledge, correct, continue. Public error management.",Social-Emotional,Ongoing,None,6y–6y3m
Understand Privilege,"What do we have that others don't, through no effort of our own?' Age-appropriate awareness of luck and circumstance.",Social-Emotional,5–10,None,6y–6y3m
Build a Solar Oven,"Box, foil, clingfilm. Heat builds up and cooks food slowly. Solar energy + thermodynamics.",Sensory,20–30,"Cardboard box, foil, clingfilm, food to cook",6y–6y3m
Grow Crystals,Dissolve salt or sugar in hot water; let cool slowly on a string. Crystal formation as ordered molecular structure.,Sensory,Ongoing,"Salt or sugar, water, jar, string",6y–6y3m
Make a Pinhole Camera,Pinhole in a dark box projects an inverted image. Optics: light travels in straight lines.,Sensory,15–20,"Dark box, foil, pin, tracing paper",6y–6y3m
"Soap Making (Cold Process, Simplified)",Glycerine melt-and-pour soap with added scent and colour. Chemistry: saponification principle accessible version.,Sensory,20–30,"Glycerine soap base, essential oil, colour, mould",6y–6y3m
Textile Printing (Screen),Stretch fabric over a frame; apply paint through a stencil. Screen printing is industrial design made accessible.,Sensory,15–20,"Fabric, frame, stencil, fabric paint",6y–6y3m
Budget for a Week's Meals,Plan a week of meals for the family within a set budget. Arithmetic + nutrition knowledge + planning combined.,Self-Care & Adaptive,15–20,"Pencil, paper, budget amount",6y–6y3m
Cook from a Recipe (Independently),"Choose a recipe, gather ingredients, cook from start to finish without help. Culinary literacy + independence.",Self-Care & Adaptive,30–45,Recipe book + kitchen access,6y–6y3m
Field Sport (60 Minutes),"Play a full 60-minute session of a team sport with proper rules, positions, and substitutions.",Gross Motor,60–60,Sport-specific equipment + players,6y3m–6y6m
Swim: Flip Turn,"Tumble turn at the pool wall: flip, push, glide, resume stroke. Technical swimming milestone.",Gross Motor,15–20,Swimming pool,6y3m–6y6m
Cycling: Descent Control,"Control speed on a long downhill: brake timing, body position, steering. Downhill safety = motor + judgement.",Gross Motor,15–20,Bicycle + hill,6y3m–6y6m
Gymnastics: Walkover or Backbend,Back walkover or front walkover. Full spinal flexibility + weight-bearing in back-extended position.,Gross Motor,10–15,Soft mat,6y3m–6y6m
Athletics: 800m Run (Paced),Run 800 m with pacing strategy: don't sprint the first lap. Pacing is a cognitive and physical skill simultaneously.,Gross Motor,5–10,Track or open space,6y3m–6y6m
Basketball Dribble and Shoot,Dribble around a defender and shoot. Game-like combination rather than isolated skill practice.,Gross Motor,10–15,Basketball + basket (or improvised),6y3m–6y6m
Surfing (If Coastal) or Bodyboard,Balance on a moving water surface. The most demanding vestibular and proprioceptive challenge available.,Gross Motor,30–45,Board + sea access,6y3m–6y6m
Martial Arts Sparring (Light),Supervised light sparring. Reading an opponent + responding in real time = the highest-level motor planning.,Gross Motor,15–20,Partner + instructor,6y3m–6y6m
Write a Complete Short Story,"A complete, edited short story: 1500 words. Character, conflict, resolution: revised twice before considered done.",Fine Motor,30–45,Pencil and paper,6y3m–6y6m
Wearable Tech Design (Paper),"Design a device that could go on the body: what does it do, how is it powered, what problem does it solve?",Fine Motor,15–20,Drawing materials,6y3m–6y6m
Book Binding (Pamphlet Stitch),Fold and stitch a 16-page booklet with a pamphlet stitch. The book's structure becomes comprehensible.,Fine Motor,20–30,"Paper, needle, wax thread, bone folder",6y3m–6y6m
Make a Diorama,"A 3D scene in a box: painted background, layered paper elements, miniature figures. Theatrical design thinking.",Fine Motor,20–30,"Cardboard box, paint, paper, small objects",6y3m–6y6m
Weaving: Rigid Heddle Loom,"Simple table loom: warp, weave, beat, advance. The structure of cloth becomes visible and learnable.",Fine Motor,30–45,Rigid heddle loom (or cardboard loom),6y3m–6y6m
Calligraphy: Full Alphabet,Write the full lowercase alphabet in an italic calligraphic hand. Letterform + pressure + consistency.,Fine Motor,20–30,"Calligraphy pen or marker, paper",6y3m–6y6m
Novel: 3 Chapters,Write 3 chapters of an intended longer novel. Sustaining characters across chapters requires planning and consistency.,Language & Communication,30–45,Pencil and paper,6y3m–6y6m
Socratic Seminar,Guided discussion of a big question with 3+ people: 'Is it ever right to break a rule?' Listen and build on others.,Language & Communication,20–30,None,6y3m–6y6m
Write a Speech,A 400-word speech on a real topic. Opening hook + 3 arguments + call to action. Rhetoric as a skill.,Language & Communication,15–20,Pencil and paper,6y3m–6y6m
Literary Devices,"Metaphor, simile, personification, alliteration, onomatopoeia: identify and use all 5 in a single paragraph.",Language & Communication,10–15,Pencil and paper,6y3m–6y6m
Letter to Future Self,"Write a letter to open in 5 years: who you are now, what you hope for, what you worry about.",Language & Communication,10–15,"Pencil, paper, envelope",6y3m–6y6m
Analyse a Speech (Historical),"Read a famous speech. Identify: the audience, the purpose, 2 rhetorical devices, the call to action.",Language & Communication,10–15,Printed speech text,6y3m–6y6m
Collaborative Story Writing,"Write alternating chapters with a parent or friend: one person writes chapter 1, the other writes chapter 2.",Language & Communication,20–30,Pencil and paper (shared),6y3m–6y6m
Write a Research Essay,"400 words with an argument, 3 pieces of evidence from different sources, and a conclusion. Academic writing beginning.",Language & Communication,20–30,Reference materials + pencil and paper,6y3m–6y6m
Ratio and Proportion,"If 3 cups make 1 batch, how many cups for 2 batches? Proportional reasoning in cooking + mathematics.",Cognitive,5–10,Recipe + cooking context,6y3m–6y6m
Angles: Measuring with Protractor,Measure and draw angles to within 5 degrees. Protractor use = spatial measurement tool.,Cognitive,5–10,"Protractor, ruler, pencil, paper",6y3m–6y6m
Prime Numbers (1–50),Identify prime numbers to 50 using the Sieve of Eratosthenes. Pattern-based mathematical discovery.,Cognitive,10–15,Grid paper,6y3m–6y6m
Volcanoes and Plate Tectonics,Why do volcanoes happen? Plate tectonics model. Geography + geology + scale comprehension.,Cognitive,5–10,None,6y3m–6y6m
Photosynthesis Equation,"CO2 + water + light → glucose + oxygen. The equation of life: every plant, every breath.",Cognitive,5–8,None,6y3m–6y6m
Historical Empathy,Put yourself in [historical person's] position. What would you have done? What did they know that we don't?',Cognitive,10–15,Historical reference or book,6y3m–6y6m
Manage Peer Pressure (Practice),"Role-play 3 peer pressure scenarios. Practise saying no in different ways: firm, funny, deflecting, leaving.",Social-Emotional,10–15,None,6y3m–6y6m
Understand Anxiety (Own),What does worry feel like in your body? Where does it live? What are you most worried about right now?',Social-Emotional,5–10,None,6y3m–6y6m
Become a Good Loser and a Good Winner,"Both in the same session: play a game, win one, lose one, respond to each with class. Practice, not performance.",Social-Emotional,15–20,Any competitive game,6y3m–6y6m
Notice Systemic Unfairness,Why might some people have more advantages than others from the start?' Beginning structural thinking about society.,Social-Emotional,5–10,None,6y3m–6y6m
Own Your Mistakes Publicly,When you've done something wrong that others know about: acknowledge it without excessive excuse-making.,Social-Emotional,Ongoing,None,6y3m–6y6m
Reciprocity in Relationships,What have you given in your closest friendship this week? What have you received?' Friendship as a two-way exchange.,Social-Emotional,5–8,None,6y3m–6y6m
Hydroponics (Simple Setup),Grow plants in water + nutrient solution without soil. Modern agriculture + biology + systematic care.,Sensory,Ongoing,"Container, water, plant food, seeds",6y3m–6y6m
Electrolysis (Salt Water),Salt water + two pencils + battery = bubbles of hydrogen and oxygen. Electricity splits water. Simple electrolysis.,Sensory,10–15,"Salt, water, pencils, battery + wires",6y3m–6y6m
Make a Spectroscope,CD + cardboard box + light source. Split white light into the spectrum. Optics: dispersion of light.,Sensory,15–20,"CD, cardboard box, light",6y3m–6y6m
Felting (Wet Felting),"Wet felting: wool + hot water + soap, agitate until fibres lock. The science of fibre entanglement.",Sensory,20–30,"Wool roving, soap, hot water, bubble wrap",6y3m–6y6m
Ethnobotany Walk,Walk through a local area: identify plants with traditional or practical uses. Local plant knowledge as science.,Sensory,20–30,Field guide or elder knowledge,6y3m–6y6m
Financial Literacy: Saving and Interest,"If you save 100 Rs and earn 5% interest per year, how much do you have after a year? Simple interest concept.",Self-Care & Adaptive,5–10,Pencil and paper,6y3m–6y6m
Cook an International Meal,"Full meal from another country: recipe research, shopping, cooking, plating. Culinary geography.",Self-Care & Adaptive,30–45,Recipe + ingredients,6y3m–6y6m
Design a Sport,"Invent a new sport: rules, equipment, team size, scoring. Systems thinking + creativity + fairness all embedded.",Gross Motor,20–30,"Paper for rules, improvised equipment",6y6m–6y9m
Swimming: Racing Dive,Competitive racing dive from the blocks (or pool edge). Explosive entry + streamline = technical swimming milestone.,Gross Motor,10–15,Swimming pool,6y6m–6y9m
Cycle Touring (Day Trip),"Plan and execute a 10+ km cycling day trip with stops. Navigation, stamina, rest planning.",Gross Motor,90–120,"Bicycle, water, snack, route plan",6y6m–6y9m
Advanced Gymnastics Sequence,"7-element floor sequence with transitions. Choreographed gymnastics: the motor elements are now the canvas, not the goal.",Gross Motor,15–20,Soft floor surface,6y6m–6y9m
Trail Running (3 km),Run on uneven terrain for 3 km. Trail running recruits far more stabilising muscles than road running.,Gross Motor,20–30,Trail (park or natural path),6y6m–6y9m
Yoga Flow (10 Poses),"10-pose yoga sequence from memory, held 3 breaths each. Memory + breath + body alignment combined.",Gross Motor,10–15,None,6y6m–6y9m
Tennis: Serve,"Continental grip serve: toss, trophy position, contact, follow through. The serve is the most complex single stroke in tennis.",Gross Motor,10–15,"Racket, ball",6y6m–6y9m
Ultimate Frisbee (Full Game),"Full game with disc rules, positions, and spirit of the game. Ultimate has a unique self-refereed model.",Gross Motor,20–30,Frisbee + players,6y6m–6y9m
Write a Science Fiction Story,"Set in a plausible future world. Science underpins the fiction: what technology exists, why, and what problem it creates.",Fine Motor,20–30,Pencil and paper,6y6m–6y9m
Pottery: Wheel-Thrown (Supervised),Supervised session on a potter's wheel. Centring clay on a moving wheel is the most demanding fine motor task in craft.,Fine Motor,30–45,Potter's wheel + clay (art school or studio),6y6m–6y9m
Knitting: First Garment,"Knit a small rectangular scarf or wash cloth: 20 stitches, 40 rows. A complete, usable knitted object.",Fine Motor,30–45,"Yarn, needles (large)",6y6m–6y9m
Build an App (No-Code Platform),Build a functional app using a no-code platform. Real-world product: what problem does it solve?,Fine Motor,30–45,Computer + no-code app platform (MIT App Inventor),6y6m–6y9m
Map-Making (Cartography Project),"Draw an imaginary world with 5 regions, a legend, a scale, compass rose, and geographic features.",Fine Motor,20–30,"Paper, pencil, ruler, coloured pens",6y6m–6y9m
Make a Documentary (Short),"Plan, film, and edit a 2-minute documentary about a local topic. Visual storytelling + interviewing + editing.",Fine Motor,20–30,Phone for filming,6y6m–6y9m
Write a Mystery Story,"A mystery requires: a mystery, red herrings, clues, a reveal, and a resolution. Plotting in reverse: start with the answer.",Language & Communication,20–30,Pencil and paper,6y6m–6y9m
Debate (Cross-Examination Style),Statement + cross-examination. One side asks targeted questions to undermine the other's argument. Advanced debate.,Language & Communication,15–20,None,6y6m–6y9m
Write a Personal Manifesto,"These are the things I believe, the things I value, and the kind of person I am working to be.' Identity in writing.",Language & Communication,10–15,Pencil and paper,6y6m–6y9m
Read and Discuss a Banned Book,Read (or excerpt of) a book that has been banned or challenged. Why? What does this tell us about society?,Language & Communication,15–20,Age-appropriate controversial/challenged book,6y6m–6y9m
Epistolary Story,"A story told entirely through letters, emails, or diary entries. A distinct narrative structure with its own rules.",Language & Communication,15–20,Pencil and paper,6y6m–6y9m
Etymology Research Project,"Choose 20 words from a single field (cooking, sport, medicine) and trace their origins. Language as historical record.",Language & Communication,20–30,Etymological dictionary or resource,6y6m–6y9m
Write a Found Poem,Take a news article and isolate words to create a poem. Found poetry reveals the poetry already in language.,Language & Communication,10–15,Newspaper or magazine article + pencil,6y6m–6y9m
Understand Narrative Unreliability,Is the narrator telling us everything? Are they being honest?' Unreliable narrator as a literary device.,Language & Communication,5–10,Book or story extract,6y6m–6y9m
Square Roots (Estimation),What is the square root of 50? Between 7 (49) and 8 (64): closer to 7. Estimation + number sense combined.,Cognitive,5–10,Pencil and paper,6y6m–6y9m
Coordinate Geometry (4 Quadrants),Plot points in all 4 quadrants of a coordinate plane. Negative coordinates = number line extended into space.,Cognitive,5–10,Graph paper,6y6m–6y9m
"Speed, Distance, Time","If I travel 60 km at 30 km/h, how long does it take? The formula and its rearrangements.",Cognitive,5–10,Pencil and paper,6y6m–6y9m
Genetics Introduction,Why do children look like parents? Genes carry information. Dominant and recessive traits with Mendel's peas.,Cognitive,5–10,None,6y6m–6y9m
Climate Science,Carbon dioxide + solar radiation + greenhouse effect. How does human activity change the climate? Evidence-based.,Cognitive,5–10,None,6y6m–6y9m
Philosophy of Mind,How do you know other people are conscious? How do you know YOU are conscious?' Philosophy as lived inquiry.,Cognitive,10–15,None,6y6m–6y9m
Emotional Regulation Toolkit,"Map your own regulation tools: 5 things that calm you, 3 things that energise you, 2 things that ground you. Personal toolkit.",Social-Emotional,10–15,Paper for mapping,6y6m–6y9m
Understand Cognitive Biases,Confirmation bias: we see what we already believe. Provide an example from own life. Self-awareness as critical thinking.,Social-Emotional,5–10,None,6y6m–6y9m
Practice Radical Honesty,"One conversation where you say exactly what you think (with kindness). Honesty as a practice, not just a value.",Social-Emotional,5–10,None,6y6m–6y9m
Build a Community Project,Identify a small problem in your community and design a solution. Civic agency: from observation to action.,Social-Emotional,15–20,Paper for planning,6y6m–6y9m
Understand the News Cycle,"Read the same story from two different publications. What's different? Journalism, framing, and editorial perspective.",Social-Emotional,10–15,Two news sources,6y6m–6y9m
Comfort Someone in Grief,"When someone you know is grieving: sit with them, listen, don't fix. The skill of simply being present.",Social-Emotional,Ongoing,None,6y6m–6y9m
Build a Radio (Crystal Set),"Crystal radio receiver: wire antenna, capacitor, crystal diode, earphone. Receives AM radio without power. Electromagnetic field science.",Sensory,20–30,Crystal radio kit (basic components),6y6m–6y9m
Make Indigo Dye (Plant-Based),Process indigo leaves (or buy powder) to create a vat. Dye cloth. Reduction chemistry + ancient textile tradition.,Sensory,30–45,"Indigo leaves or powder, water, reducing agent",6y6m–6y9m
Soil Science Investigation,"Test soil pH, texture, and drainage in 3 different spots. What do the results mean for growing food?",Sensory,15–20,"Soil samples, pH strip, water",6y6m–6y9m
Build a Kite from Scratch,"Bamboo + tissue paper + string + tail. Design it, test it, adjust it. Aerodynamics through iteration.",Sensory,20–30,"Bamboo, tissue paper, string, tape",6y6m–6y9m
Night Photography,"Use a phone on night mode: photograph the moon, city lights, star trails (long exposure). Visual + astronomy.",Sensory,15–20,Phone with night mode,6y6m–6y9m
Learn Basic First Aid (Certified),"Complete a basic first aid course (1-day). CPR, choking, burns, bleeding. Actual lifesaving capability.",Self-Care & Adaptive,Ongoing,First aid course,6y6m–6y9m
Manage a Week Independently,"For one week, manage own morning routine, school bag, homework, and one household chore without reminders.",Self-Care & Adaptive,Ongoing,None,6y6m–6y9m
Coach a Younger Team,Organise and run a sports activity for 5–8 younger children. Leadership + pedagogy + patience combined.,Gross Motor,30–45,Sport equipment + younger players,6y9m–7y
Marathon (Short Distance),Run a 5-km 'marathon' with pacing and recovery strategy. Goal-setting + physical training + completion.,Gross Motor,30–45,Open space or road (supervised),6y9m–7y
Bicycle Maintenance,"Fix a puncture, oil the chain, adjust the brakes. Understanding and maintaining one's own tools.",Gross Motor,20–30,"Bicycle, tyre levers, pump, oil, cloth",6y9m–7y
Sport: Full Season Participation,Commit to a sport for a full season. Regular training + team membership + end-of-season performance or competition.,Gross Motor,Ongoing,Sport-specific equipment,6y9m–7y
Swimming: Medley,"Individual medley: butterfly, backstroke, breaststroke, freestyle in sequence. The most technically demanding swimming achievement.",Gross Motor,15–20,Swimming pool,6y9m–7y
Mountain Bike Trail,"Trail mountain biking: technical terrain, root avoidance, off-camber sections. Mastery of cycling on a new surface.",Gross Motor,20–30,Mountain bike + trail,6y9m–7y
Dance: Choreograph for an Audience,Choreograph a 2-minute dance piece and perform it for a real audience. Creative intention + public performance.,Gross Motor,20–30,Music + performance space,6y9m–7y
Free Solo Climbing (Bouldering),"Unsupported bouldering at an indoor wall: read the route, solve it. Self-directed physical problem-solving.",Gross Motor,20–30,Bouldering wall,6y9m–7y
Write a Novella (First 5000 Words),"Begin a sustained long-form writing project. Plot outline, chapter plan, daily writing practice. Authorial identity.",Fine Motor,30–60,Pencil and paper (or computer),6y9m–7y
Build a Working Model Engine,Simple steam engine or electric motor model. How does energy convert into motion? Engineering science.,Fine Motor,30–45,Kit or household materials (supervised),6y9m–7y
Ceramics: Glazing and Firing,Apply underglaze and overglaze to bisque-fired piece. Two-stage firing = colour chemistry through heat.,Fine Motor,30–45,"Bisque-fired piece, glazes, kiln (art school)",6y9m–7y
Wiring a Simple Plug (Supervised),"Supervised: identify live, neutral, earth in a plug; connect correctly. Electrical safety + practical knowledge.",Fine Motor,15–20,"Old plug, wire, screwdriver (supervised)",6y9m–7y
Photography: Composition Rules,"Rule of thirds, leading lines, framing. Apply all 3 in 5 intentional photos. Visual composition as deliberate craft.",Fine Motor,15–20,Camera or phone,6y9m–7y
Weave a Rug (Small),A small rug on a frame loom: warp and weft at density. Sustained repetitive fine motor over a physical project.,Fine Motor,30–60,"Frame loom, yarn",6y9m–7y
Read Literature (Original Text),"Read an original, unabridged classic in full. Grapple with archaic language as a skill, not a barrier.",Language & Communication,20–30,Classic novel in original text,6y9m–7y
Write a Formal Argument Essay,"800 words: thesis, 3 body paragraphs with evidence and counter-argument addressed, conclusion. University-essay structure.",Language & Communication,20–30,Pencil and paper,6y9m–7y
Public Speaking (External Audience),"Present to an audience beyond family: school group, community, or recorded. Real audience = real feedback.",Language & Communication,10–20,Prepared speech,6y9m–7y
Write a Research Paper,"Includes a bibliography, quotes with attribution, and a distinct argument. Academic writing conventions.",Language & Communication,20–30,Reference materials + pencil and paper,6y9m–7y
Translate a Short Text,Translate a simple paragraph to/from a second language. Bilingual flexibility and linguistic comparison.,Language & Communication,10–15,Short text + dictionary,6y9m–7y
Study and Present on a Person,"In-depth research on one person: 10 facts, a timeline, one thing they changed. Oral presentation.",Language & Communication,15–20,Reference materials,6y9m–7y
Write a Letter to an Authority,"Write a real letter (or email) to a local councillor, newspaper, or organisation about a real issue.",Language & Communication,15–20,Pencil and paper or email access,6y9m–7y
Read and Discuss a Dystopian Novel,A gentle dystopian novel: what is the society afraid of? What does this tell us about our own world?,Language & Communication,15–20,Age-appropriate dystopian novel,6y9m–7y
Algebra: Linear Equations,Solve 2x + 3 = 11. Two-step equations with one variable. Algebraic reasoning + inverse operations.,Cognitive,5–10,Pencil and paper,6y9m–7y
"Statistics: Mean, Median, Mode",Calculate all three for a data set. When would each be misleading? Statistical literacy begins here.,Cognitive,5–10,Data set + pencil and paper,6y9m–7y
Understand Compound Interest,Interest on interest. Compare simple vs compound over 10 years. The most powerful concept in personal finance.,Cognitive,5–10,Pencil and paper,6y9m–7y
Philosophy: Ethics Trolley Problem,The trolley problem and its variants. There is no right answer: the process of reasoning is the point.,Cognitive,10–15,None,6y9m–7y
Evolution: Natural Selection,"Survival of the fittest: variation, selection pressure, inherited advantage, generation change. Darwin's mechanism.",Cognitive,5–10,None,6y9m–7y
Study a Civilisation,"Choose one ancient civilisation: research government, economy, culture, fall. Historical systems thinking.",Cognitive,15–20,Reference book or supervised internet,6y9m–7y
Build a Personal Vision,What kind of person do I want to be at 18? At 30? What do I need to do to become that person?' Long-range identity work.,Social-Emotional,10–15,None,6y9m–7y
Understand Your Own Learning Style,How do you learn best? What conditions make you most creative? What drains you? Self-awareness as meta-cognition.,Social-Emotional,5–10,None,6y9m–7y
Lead a Team Through Difficulty,"When a group project hits a problem: step up, identify the issue, suggest a path forward. Leadership in adversity.",Social-Emotional,Ongoing,None,6y9m–7y
Understand Mental Health Continuum,Mental health is not binary: everyone is somewhere on a continuum. What affects yours? How do you maintain it?,Social-Emotional,5–10,None,6y9m–7y
Give Something Back,"Identify a skill or resource you have and give it to someone who needs it. Generosity as identity, not event.",Social-Emotional,Ongoing,None,6y9m–7y
Identity: Who Am I (Full Reflection),"Write or tell: your values, your strengths, your challenges, your culture, your aspirations. A portrait in words.",Social-Emotional,15–20,Paper and pencil (optional),6y9m–7y
Rocketry (Baking Soda + Vinegar Rocket),Build a paper rocket body; launch with baking soda + vinegar. Newton's 3rd law + trajectory + design iteration.,Sensory,15–20,"Paper, tape, baking soda, vinegar, cork",6y9m–7y
Bread Fermentation (Sourdough Starter),Cultivate a sourdough starter over 5 days. Microbiology: wild yeast + bacteria + time = leavening.,Sensory,Ongoing,"Flour, water, jar",6y9m–7y
Night Hike (Moonlit),"Hike 2 km at night using torchlight or moonlight. Sensory recalibration: vision changes, sound sharpens, fear and awe.",Sensory,30–45,"Torch, safe trail, adult accompaniment",6y9m–7y
Build a Drone (Simple Kit),"Assemble a simple drone kit. Lift, thrust, pitch, yaw, roll: four rotor forces that enable stable flight.",Sensory,30–45,Simple drone kit,6y9m–7y
Make a Graphic Novel (First Issue),"10 pages: panels, speech bubbles, visual storytelling without verbal narration where possible. Comics as a serious medium.",Sensory,30–45,"Paper, pencil, markers",6y9m–7y
Responsible Technology Use,"Review own technology use across a week: time, content, quality of experience. Intentional use vs reactive use.",Self-Care & Adaptive,5–10,Honest self-assessment,6y9m–7y
"Life Skills: Sew on a Button, Hem Trousers",Practical clothing repair. These skills prevent waste and build material self-sufficiency.,Self-Care & Adaptive,10–15,"Needle, thread, garment",6y9m–7y
